Datetime,u,v,temp,sst,prec,int,dir,CardinalDirection
2006-01-01 00:00:00,-7.4396944,-2.4818861,27.034607,28.208862,8.507632e-07,15.245062,18.44873,N
2006-01-01 03:00:00,-6.4804964,1.1190224,27.11023,28.208862,3.2962067e-05,12.783471,350.20303,N
2006-01-01 06:00:00,-5.783887,2.0275488,26.13446,28.208862,0.00025189412,11.913741,340.68182,N
2006-01-01 09:00:00,-5.690856,1.3230506,25.342957,28.208862,0.001054893,11.357134,346.91196,N
2006-01-01 12:00:00,-5.303538,2.8736289,26.692291,28.208862,5.6035584e-05,11.72528,331.54974,NW
2006-01-01 15:00:00,-5.0516405,0.71850276,29.55481,28.208862,7.2305556e-06,9.918407,351.90503,N
2006-01-01 18:00:00,-5.901114,-3.2018166,27.685211,28.208862,0.000110795256,13.050505,28.483307,NE
2006-01-01 21:00:00,-6.2047787,-1.9148421,27.184998,28.208862,1.2761448e-06,12.622378,17.150635,N
2006-01-02 00:00:00,-5.5181103,-1.1839657,27.195923,28.143433,4.253816e-07,10.970445,12.109772,N
2006-01-02 03:00:00,-5.427142,-1.4782543,26.830444,28.143433,0.00013822806,10.933838,15.236694,N
2006-01-02 06:00:00,-4.915657,-0.105326,26.74115,28.143433,3.540772e-05,9.557444,1.227478,N
2006-01-02 09:00:00,-5.017504,0.15576547,25.552887,28.143433,0.00012217253,9.757924,358.22186,N
2006-01-02 12:00:00,-6.5470815,0.2393865,26.935455,28.143433,7.676985e-05,12.734983,357.90598,N
2006-01-02 15:00:00,-6.821111,-1.677258,28.685486,28.143433,2.6476104e-05,13.65411,13.814514,N
2006-01-02 18:00:00,-6.7400837,-2.250044,28.410278,28.143433,3.1579984e-05,13.812407,18.460571,N
2006-01-02 21:00:00,-7.202427,-2.4815273,27.575806,28.143433,0.0,14.808046,19.010895,N
2006-01-03 00:00:00,-7.436506,-1.6284492,27.545105,28.05899,0.0,14.797904,12.351685,N
2006-01-03 03:00:00,-6.3246317,-0.9994969,27.121277,28.05899,0.0,12.446643,8.980316,N
2006-01-03 06:00:00,-5.690668,-0.5855189,26.464966,28.05899,8.400064e-06,11.120148,5.874542,N
2006-01-03 09:00:00,-5.6668477,1.0711108,25.990845,28.05899,5.9863552e-05,11.210488,349.2966,N
2006-01-03 12:00:00,-6.229162,0.77036214,28.393219,28.05899,5.1782466e-05,12.20074,352.95,N
2006-01-03 15:00:00,-7.332783,-0.8087476,30.271667,28.05899,9.994954e-06,14.34019,6.2938232,N
2006-01-03 18:00:00,-7.609064,-2.021791,29.97229,28.05899,0.0,15.304022,14.880127,N
2006-01-03 21:00:00,-7.440069,-1.5491347,28.327759,28.05899,0.0,14.772474,11.76178,N
2006-01-04 00:00:00,-6.787162,-0.7507871,27.333832,27.99231,0.0,13.273631,6.312317,N
2006-01-04 03:00:00,-6.0526648,-0.7206405,26.772064,27.99231,0.0,11.84851,6.7897644,N
2006-01-04 06:00:00,-5.4368954,-0.08720213,26.263306,27.99231,0.0,10.569815,0.9188843,N
2006-01-04 09:00:00,-5.893236,1.5055454,25.760437,27.99231,1.35039445e-05,11.8234215,345.66916,N
2006-01-04 12:00:00,-6.4945636,1.9288545,28.158783,27.99231,1.28659885e-05,13.169402,343.45883,N
2006-01-04 15:00:00,-5.9253097,-1.457977,30.419312,27.99231,4.253816e-07,11.861406,13.823547,N
2006-01-04 18:00:00,-6.02997,-4.54406,29.546509,27.99231,3.466336e-05,14.676831,37.000916,NE
2006-01-04 21:00:00,-6.922395,-3.2418327,27.966003,27.99231,0.0,14.858498,25.094208,NE
2006-01-05 00:00:00,-6.2413535,-2.5498955,27.426422,27.971344,0.0,13.105643,22.222382,N
2006-01-05 03:00:00,-5.011877,-1.1782234,26.933502,27.971344,1.4354475e-05,10.007874,13.229248,N
2006-01-05 06:00:00,-5.020505,0.41003802,26.699615,27.971344,0.00015481561,9.791553,355.33087,N
2006-01-05 09:00:00,-4.9021525,2.5088184,26.584076,27.971344,0.00013620779,10.704412,332.89758,NW
2006-01-05 12:00:00,-6.249794,1.7817101,27.993317,27.971344,0.00010866858,12.63263,344.08804,N
2006-01-05 15:00:00,-5.806582,-0.33160526,29.953064,27.971344,1.0845717e-05,11.305457,3.2685242,N
2006-01-05 18:00:00,-6.298748,-3.8677344,29.467163,27.971344,4.253816e-07,14.367805,31.55194,NE
2006-01-05 21:00:00,-7.488836,-3.0003006,28.01233,27.971344,1.06403604e-07,15.681918,21.832825,N
2006-01-06 00:00:00,-7.031557,-2.9295998,27.362488,27.98941,0.0,14.807079,22.618378,NE
2006-01-06 03:00:00,-4.647442,-1.6203742,27.219849,27.98941,0.0,9.567234,19.221588,N
2006-01-06 06:00:00,-4.5572243,-0.9569686,26.508667,27.98941,0.00020393962,9.051719,11.859192,N
2006-01-06 09:00:00,-5.2217603,-0.31096917,25.646667,27.98941,0.0004503047,10.16825,3.408081,N
2006-01-06 12:00:00,-4.9529824,0.54013515,26.329224,27.98941,0.00017140293,9.684886,353.77634,N
2006-01-06 15:00:00,-4.7800493,-2.105412,29.227234,27.98941,6.9433125e-05,10.15303,23.771484,NE
2006-01-06 18:00:00,-5.419077,-2.955978,28.399994,27.98941,0.00026242086,11.999052,28.61142,NE
2006-01-06 21:00:00,-5.849722,-3.4605756,27.868835,27.98941,4.4977292e-05,13.211654,30.607697,NE
2006-01-07 00:00:00,-4.8515105,-3.105814,26.895905,28.036041,0.0004607248,11.197469,32.626343,NE
2006-01-07 03:00:00,-3.9648998,-1.892591,26.70102,28.036041,6.5498985e-05,8.540148,25.516846,NE
2006-01-07 06:00:00,-4.5889225,-1.3443887,25.92331,28.036041,8.453196e-05,9.29505,16.328674,N
2006-01-07 09:00:00,-4.54447,-1.4217293,25.772583,28.036041,0.00019575236,9.255929,17.372192,N
2006-01-07 12:00:00,-4.853574,-0.6702166,26.645172,28.036041,0.00016470416,9.5240965,7.862091,N
2006-01-07 15:00:00,-5.2596483,-2.0404532,27.955933,28.036041,5.1357085e-05,10.966316,21.203491,N
2006-01-07 18:00:00,-6.4546127,-3.1144273,27.963806,28.036041,0.00014365092,13.930931,25.757874,NE
2006-01-07 21:00:00,-6.2267237,-2.5999606,27.11023,28.036041,3.1900126e-06,13.116511,22.662903,NE
2006-01-08 00:00:00,-5.2140703,-2.557253,27.12564,28.1044,1.7012935e-06,11.288686,26.125732,NE
2006-01-08 03:00:00,-4.4321194,-1.9982839,26.770447,28.1044,1.7012702e-05,9.450506,24.26892,NE
2006-01-08 06:00:00,-3.8585515,-1.2812245,26.385162,28.1044,3.817235e-05,7.90308,18.368652,N
2006-01-08 09:00:00,-4.33665,0.25661314,26.174683,28.1044,0.00014450168,8.444499,356.6136,N
2006-01-08 12:00:00,-6.11156,0.7464961,27.504791,28.1044,0.00012174714,11.968187,353.0361,N
2006-01-08 15:00:00,-5.5040426,-1.5220387,29.317535,28.1044,4.8167305e-05,11.100515,15.457764,N
2006-01-08 18:00:00,-6.1171865,-3.3179173,28.934235,28.1044,6.9115777e-06,13.527304,28.475067,NE
2006-01-08 21:00:00,-5.7302437,-3.053775,27.860962,28.1044,0.0,12.62168,28.054138,NE
2006-01-09 00:00:00,-4.7607303,-3.0247052,27.185974,28.18692,0.0,10.963911,32.429626,NE
2006-01-09 03:00:00,-4.579544,-2.1527853,26.814362,28.18692,1.2761448e-06,9.836428,25.177612,NE
2006-01-09 06:00:00,-4.017605,-0.74468607,26.240143,28.18692,2.126675e-06,7.9426036,10.500916,N
2006-01-09 09:00:00,-4.576168,0.77969325,25.935425,28.18692,7.2197756e-05,9.02353,350.33072,N
2006-01-09 12:00:00,-5.5402427,1.9891479,27.899109,28.18692,2.8496375e-05,11.442433,340.25003,N
2006-01-09 15:00:00,-4.5326533,-0.8008521,29.827484,28.18692,3.0091265e-05,8.947222,10.019897,N
2006-01-09 18:00:00,-4.4865127,-2.7501554,29.164948,28.18692,6.3797925e-06,10.229134,31.507568,NE
2006-01-09 21:00:00,-4.398733,-2.8034503,27.847534,28.18692,0.0,10.139356,32.51062,NE
2006-01-10 00:00:00,-5.2898455,-2.1269453,27.233276,28.272614,0.0,11.082678,21.904114,N
2006-01-10 03:00:00,-4.1582775,-2.0802898,26.746948,28.272614,5.9969723e-05,9.038099,26.577728,NE
2006-01-10 06:00:00,-1.3294504,2.0887394,25.483826,28.272614,0.0006481835,4.812828,302.47614,NW
2006-01-10 09:00:00,-2.7620573,2.3105326,24.877136,28.272614,4.604063e-05,6.999854,320.08664,NW
2006-01-10 12:00:00,-3.513623,2.0176795,26.18396,28.272614,9.8248245e-05,7.8759294,330.13364,NW
2006-01-10 15:00:00,-4.385041,-0.77249986,28.836517,28.272614,2.4881214e-05,8.655075,9.991119,N
2006-01-10 18:00:00,-4.720029,-3.1076083,28.210602,28.272614,0.00014545862,10.985002,33.360413,NE
2006-01-10 21:00:00,-5.241642,-1.2334924,27.725769,28.272614,0.0,10.467235,13.242218,N
2006-01-11 00:00:00,-4.815311,-0.82758933,27.345642,28.343872,0.0,9.497429,9.751923,N
2006-01-11 03:00:00,-4.744787,-1.4746654,26.826813,28.343872,0.0002446638,9.658293,17.265076,N
2006-01-11 06:00:00,-3.9924715,0.09242159,25.265228,28.343872,0.0005232466,7.762805,358.6739,N
2006-01-11 09:00:00,-4.7446,1.7983985,24.551453,28.343872,0.00029187393,9.863042,339.24124,N
2006-01-11 12:00:00,-5.640964,1.6505364,25.956726,28.343872,0.00068454794,11.424877,343.6906,N
2006-01-11 15:00:00,-5.663659,-0.17207927,28.179565,28.343872,6.3478714e-05,11.014328,1.7402954,N
2006-01-11 18:00:00,-6.8683767,-1.8694427,28.167084,28.343872,0.00019139284,13.83673,15.225983,N
2006-01-11 21:00:00,-7.497839,-1.7118907,27.73352,28.343872,2.0202715e-06,14.949654,12.861206,N
2006-01-12 00:00:00,-7.1836705,-1.8046634,27.201263,28.389557,0.0,14.397798,14.101868,N
2006-01-12 03:00:00,-7.6869025,-0.80605596,26.859497,28.389557,2.5520567e-06,15.0240345,5.986206,N
2006-01-12 06:00:00,-7.5820546,-0.07266712,26.49939,28.389557,0.00010579778,14.738977,0.5491028,N
2006-01-12 09:00:00,-8.124863,1.2798045,26.115448,28.389557,0.00012982823,15.988165,351.0485,N
2006-01-12 12:00:00,-8.080785,1.8811224,28.005005,28.389557,8.37876e-05,16.127748,346.89554,N
2006-01-12 15:00:00,-7.9388,0.6626956,29.646393,28.389557,3.179256e-05,15.48543,355.22827,N
2006-01-12 18:00:00,-7.7825594,-1.287864,29.537537,28.389557,0.0,15.333783,9.39621,N
2006-01-12 21:00:00,-8.231023,-1.8936677,27.859772,28.389557,0.0,16.417767,12.956299,N
2006-01-13 00:00:00,-7.868276,-1.1387458,27.383911,28.393463,0.0,15.45402,8.235016,N
2006-01-13 03:00:00,-7.4171867,0.31224087,26.808472,28.393463,0.0,14.430594,357.58945,N
2006-01-13 06:00:00,-6.681189,1.7041903,26.416199,28.393463,0.0,13.402992,345.69052,N
2006-01-13 09:00:00,-6.4617405,2.3342192,26.459381,28.393463,6.656232e-05,13.354997,340.1384,N
2006-01-13 12:00:00,-6.8334904,3.2377212,28.607758,28.393463,4.5402674e-05,14.6987505,334.64832,NW
2006-01-13 15:00:00,-7.344225,0.37343138,30.774078,28.393463,1.6693724e-05,14.294441,357.0892,N
2006-01-13 18:00:00,-7.69403,-2.0068972,30.133179,28.393463,0.0,15.4563675,14.619202,N
2006-01-13 21:00:00,-8.279602,-1.6817441,28.488434,28.393463,0.0,16.422869,11.481659,N
2006-01-14 00:00:00,-7.823448,-0.7489926,27.982819,28.353912,0.0,15.277065,5.4686584,N
2006-01-14 03:00:00,-7.7671795,0.89758813,27.253296,28.353912,0.0,15.198634,353.40805,N
2006-01-14 06:00:00,-7.10752,1.4122344,26.810211,28.353912,1.2121629e-05,14.085968,348.76193,N
2006-01-14 09:00:00,-7.2735133,2.452832,26.79361,28.353912,8.410658e-05,14.92084,341.36444,N
2006-01-14 12:00:00,-6.6965694,2.4183786,29.052917,28.353912,4.891306e-06,13.839895,340.1435,N
2006-01-14 15:00:00,-6.5258865,-0.5878517,31.47696,28.353912,2.1280721e-07,12.736643,5.1473083,N
2006-01-14 18:00:00,-9.002658,-3.3351436,29.582886,28.353912,6.539258e-05,18.661982,20.327759,N
2006-01-14 21:00:00,-8.533,-3.3446546,28.383179,28.353912,0.0,17.81546,21.403534,N
2006-01-15 00:00:00,-7.2693872,-2.3855245,27.742615,28.28897,0.0,14.871928,18.167786,N
2006-01-15 03:00:00,-6.309814,-1.2433617,27.43396,28.28897,4.253816e-07,12.501128,11.14743,N
2006-01-15 06:00:00,-7.404995,-0.20204645,27.148804,28.28897,0.0002120207,14.399482,1.5629272,N
2006-01-15 09:00:00,-7.7516117,1.8188553,27.044556,28.28897,4.0298793e-05,15.477132,346.7949,N
2006-01-15 12:00:00,-7.3472257,2.998522,28.356628,28.28897,3.232411e-05,15.425428,337.79883,N
2006-01-15 15:00:00,-7.6036243,-0.07374382,30.298218,28.28897,6.805174e-06,14.780925,0.55566406,N
2006-01-15 18:00:00,-8.063905,-2.2685268,29.842896,28.28897,1.7012935e-06,16.28339,15.71228,N
2006-01-15 21:00:00,-8.703119,-2.3998802,28.344604,28.28897,0.0,17.548872,15.416168,N
2006-01-16 00:00:00,-7.3986177,-0.90187925,27.837585,28.210114,0.0,14.488186,6.9499817,N
2006-01-16 03:00:00,-7.601186,0.20941931,27.501404,28.210114,0.0,14.781096,358.42184,N
2006-01-16 06:00:00,-7.978188,1.2789073,27.280182,28.210114,2.3817876e-05,15.70631,350.89294,N
2006-01-16 09:00:00,-7.1217747,2.4985902,27.001587,28.210114,7.964065e-05,14.670858,340.66718,N
2006-01-16 12:00:00,-7.46539,2.283975,28.466461,28.210114,5.4972246e-05,15.175478,342.98895,N
2006-01-16 15:00:00,-8.000883,0.20439485,29.7948,28.210114,2.5520567e-06,15.55751,358.53662,N
2006-01-16 18:00:00,-8.666545,-1.9955921,29.84311,28.210114,0.0,17.28722,12.967133,N
2006-01-16 21:00:00,-8.650039,-1.7698512,28.232117,28.210114,0.0,17.162638,11.563477,N
2006-01-17 00:00:00,-8.735193,-0.94799644,27.490692,28.129059,0.0,17.07952,6.1938477,N
2006-01-17 03:00:00,-8.091101,-0.8582743,27.350769,28.129059,0.0,15.816044,6.055084,N
2006-01-17 06:00:00,-7.6030617,0.59809566,27.121918,28.129059,2.5520567e-06,14.824794,355.50208,N
2006-01-17 09:00:00,-6.264424,2.0819206,27.008698,28.129059,0.000110795256,12.831906,341.61627,N
2006-01-17 12:00:00,-6.3135653,2.7076428,28.393433,28.129059,5.1782466e-05,13.35355,336.78738,NW
2006-01-17 15:00:00,-6.177582,-1.2801478,29.636108,28.129059,7.6982426e-05,12.2633505,11.707397,N
2006-01-17 18:00:00,-6.5984735,-3.7324333,28.45575,28.129059,0.00039522606,14.736168,29.49472,NE
2006-01-17 21:00:00,-7.5949965,-3.0611324,28.16394,28.129059,1.1697412e-06,15.917487,21.95169,N
2006-01-18 00:00:00,-6.289745,-2.5098796,27.504547,28.060425,0.0,13.163743,21.75412,N
2006-01-18 03:00:00,-5.226074,-0.93435866,27.162811,28.060425,2.4349429e-05,10.3197365,10.136688,N
2006-01-18 06:00:00,-5.148423,-0.84302145,26.448334,28.060425,0.0006187302,10.140987,9.299286,N
2006-01-18 09:00:00,-4.193539,-1.1767879,25.284363,28.060425,0.00090124714,8.466444,15.67514,N
2006-01-18 12:00:00,-4.7005224,-0.3865152,25.117798,28.060425,0.00047284644,9.167901,4.7007446,N
2006-01-18 15:00:00,-5.396944,-1.127979,27.432526,28.060425,1.9989908e-05,10.717478,11.805084,N
2006-01-18 18:00:00,-5.0053124,-3.6649623,27.448395,28.060425,0.00039395015,12.058876,36.212128,NE
2006-01-18 21:00:00,-5.640026,-2.2550685,27.047058,28.060425,5.3377356e-05,11.807165,21.793152,N
2006-01-19 00:00:00,-4.5047064,-1.4084504,27.166412,28.034546,9.4634015e-06,9.174454,17.362488,N
2006-01-19 03:00:00,-3.667237,-1.8366046,26.670746,28.034546,2.3286091e-05,7.9725275,26.602356,NE
2006-01-19 06:00:00,-3.6899323,-0.7755504,25.213745,28.034546,0.00019043591,7.3293543,11.869659,N
2006-01-19 09:00:00,-3.9187593,2.160876,24.784332,28.034546,0.00028251694,8.698778,331.12686,NW
2006-01-19 12:00:00,-4.941916,3.2718158,26.515778,28.034546,7.751421e-05,11.520809,326.4933,NW
2006-01-19 15:00:00,-5.640026,-0.6395317,29.18692,28.034546,2.764631e-06,11.033565,6.4692383,N
2006-01-19 18:00:00,-5.550934,-3.2305279,28.25235,28.034546,0.00029708422,12.484414,30.198517,NE
2006-01-19 21:00:00,-6.4047213,-2.4136972,27.69516,28.034546,5.635433e-06,13.304501,20.649536,N
2006-01-20 00:00:00,-6.1434455,-1.3813543,27.372192,28.058746,0.0,12.240029,12.672211,N
2006-01-20 03:00:00,-6.400782,-0.78631705,26.72815,28.058746,0.00024902332,12.535629,7.00354,N
2006-01-20 06:00:00,-5.565001,0.35943472,26.095093,28.058746,0.00027613714,10.840012,356.30447,N
2006-01-20 09:00:00,-6.062043,1.2340462,26.159027,28.058746,1.6374746e-05,12.025324,348.49356,N
2006-01-20 12:00:00,-6.341137,2.3950508,27.441833,28.058746,2.7433038e-05,13.1760645,339.3084,N
2006-01-20 15:00:00,-6.1184998,-0.0021455288,28.996216,28.058746,3.4876168e-05,11.893386,0.020080566,N
2006-01-20 18:00:00,-6.5165086,-1.6255779,28.707214,28.058746,7.2305556e-06,13.055224,14.006866,N
2006-01-20 21:00:00,-6.0053988,-2.2349708,27.60608,28.058746,0.0,12.455739,20.413269,N
2006-01-21 00:00:00,-5.682978,-0.9293342,27.377563,28.11145,0.0,11.193533,9.2873535,N
2006-01-21 03:00:00,-5.729869,-0.79313594,26.857758,28.11145,5.1250914e-05,11.244146,7.88089,N
2006-01-21 06:00:00,-6.0911155,0.047201633,26.493591,28.11145,0.00017852685,11.84051,359.556,N
2006-01-21 09:00:00,-6.603163,1.9656405,26.06604,28.11145,3.923569e-05,13.392127,343.4227,N
2006-01-21 12:00:00,-6.9055147,2.1852803,28.268738,28.11145,2.5200192e-05,14.079306,342.4398,N
2006-01-21 15:00:00,-7.1746674,0.3009359,29.810974,28.11145,2.041529e-05,13.958669,357.59818,N
2006-01-21 18:00:00,-6.6273584,-1.9091,29.183533,28.11145,9.282562e-05,13.406373,16.069763,N
2006-01-21 21:00:00,-7.3217173,-3.2786188,27.815613,28.11145,0.0,15.594017,24.122528,NE
2006-01-22 00:00:00,-7.658581,-1.8095083,27.391754,28.169556,0.0,15.296944,13.29361,N
2006-01-22 03:00:00,-7.239752,-0.03013885,27.142029,28.169556,0.0,14.073041,0.23852539,N
2006-01-22 06:00:00,-7.489586,1.015842,26.800934,28.169556,2.2860942e-05,14.69186,352.27588,N
2006-01-22 09:00:00,-6.4549875,2.4774158,26.604858,28.169556,6.454205e-05,13.439858,339.00327,N
2006-01-22 12:00:00,-6.7033215,2.5529618,28.296295,28.169556,2.2329157e-05,13.9431925,339.15067,N
2006-01-22 15:00:00,-6.4292917,-0.32460696,30.661285,28.169556,1.8076971e-06,12.513433,2.8903503,N
2006-01-22 18:00:00,-6.4804964,-1.6250396,29.99527,28.169556,3.402587e-06,12.987061,14.077148,N
2006-01-22 21:00:00,-7.5280366,-2.9733841,28.312897,28.169556,0.0,15.733381,21.552765,N
2006-01-23 00:00:00,-8.153185,-1.9893117,27.818237,28.209625,0.0,16.313414,13.711792,N
2006-01-23 03:00:00,-7.5723014,-1.119904,27.379517,28.209625,1.7012935e-06,14.879449,8.41275,N
2006-01-23 06:00:00,-7.6032495,0.16294324,27.09613,28.209625,0.0001222787,14.782894,358.7723,N
2006-01-23 09:00:00,-7.2676992,2.0282667,26.876678,28.209625,0.00019511441,14.667083,344.40668,N
2006-01-23 12:00:00,-7.6807127,1.877713,28.729858,28.209625,1.1271099e-05,15.36976,346.2623,N
2006-01-23 15:00:00,-7.2558823,-0.39064246,30.29779,28.209625,3.1900126e-06,14.124701,3.081726,N
2006-01-23 18:00:00,-7.3599796,-1.6991501,29.471313,28.209625,5.4440694e-05,14.68293,12.999725,N
2006-01-23 21:00:00,-7.6015615,-2.2024913,28.435425,28.209625,0.0,15.383956,16.158508,N
2006-01-24 00:00:00,-6.8029175,-1.710814,27.908386,28.218414,0.0,13.635531,14.11615,N
2006-01-24 03:00:00,-7.644513,-1.8859518,27.416687,28.218414,7.5495336e-06,15.3052435,13.8585205,N
2006-01-24 06:00:00,-7.3667326,0.2916048,27.169128,28.218414,9.931158e-05,14.330964,357.7332,N
2006-01-24 09:00:00,-6.822424,2.1000445,26.916443,28.218414,2.9346906e-05,13.875757,342.89084,N
2006-01-24 12:00:00,-6.7819104,2.139522,29.041107,28.218414,6.6987704e-06,13.823403,342.4908,N
2006-01-24 15:00:00,-7.61244,-0.5725989,31.053345,28.218414,3.1897798e-07,14.839168,4.3016357,N
2006-01-24 18:00:00,-8.560384,-2.0849555,30.072845,28.218414,2.3711473e-05,17.126457,13.6883545,N
2006-01-24 21:00:00,-8.845668,-1.5554154,28.570496,28.218414,0.0,17.458363,9.9729,N
2006-01-25 00:00:00,-7.901475,-1.0497413,27.959656,28.209137,0.0,15.494157,7.5676575,N
2006-01-25 03:00:00,-8.262909,-0.7369699,27.720642,28.209137,1.8501421e-05,16.12553,5.0967407,N
2006-01-25 06:00:00,-7.318904,1.0156626,27.37143,28.209137,2.7645612e-05,14.363113,352.09937,N
2006-01-25 09:00:00,-6.718514,2.289717,26.873718,28.209137,9.1443304e-05,13.797326,341.18054,N
2006-01-25 12:00:00,-6.714388,2.3144803,28.445679,28.209137,1.0739313e-05,13.8053465,340.98068,N
2006-01-25 15:00:00,-6.800667,0.35135972,30.710358,28.209137,1.06403604e-07,13.2370405,357.04242,N
2006-01-25 18:00:00,-7.1729794,-1.7404222,29.9982,28.209137,2.445653e-06,14.347687,13.638458,N
2006-01-25 21:00:00,-7.2348757,-1.9496543,28.458923,28.209137,4.253816e-07,14.565132,15.081787,N
2006-01-26 00:00:00,-7.1992383,-1.4911742,27.670807,28.19107,0.0,14.291208,11.702148,N
2006-01-26 03:00:00,-6.6003494,-0.08935547,27.406403,28.19107,0.0,12.831199,0.77563477,N
2006-01-26 06:00:00,-6.339637,0.679025,26.922028,28.19107,8.017244e-05,12.393724,353.88647,N
2006-01-26 09:00:00,-6.322193,1.8253152,26.811432,28.19107,1.4248304e-05,12.79128,343.89575,N
2006-01-26 12:00:00,-6.3465767,2.1274993,29.096313,28.19107,0.0,13.011435,341.46783,N
2006-01-26 15:00:00,-6.9874797,-1.2889407,30.715515,28.19107,1.06403604e-07,13.811697,10.451538,N
2006-01-26 18:00:00,-7.987379,-2.685735,29.628021,28.19107,9.3569746e-05,16.380404,18.585083,N
2006-01-26 21:00:00,-8.093914,-2.1535032,28.392242,28.19107,0.0,16.280634,14.8992,N
2006-01-27 00:00:00,-8.487797,-1.3320072,27.656158,28.179596,0.0,16.70085,8.918793,N
2006-01-27 03:00:00,-8.326868,-1.4847143,27.33023,28.179596,0.0,16.441383,10.109833,N
2006-01-27 06:00:00,-6.8366785,1.2360201,26.983551,28.179596,2.126675e-06,13.504851,349.75204,N
2006-01-27 09:00:00,-6.1697044,1.3881888,26.838318,28.179596,1.573679e-05,12.292744,347.31958,N
2006-01-27 12:00:00,-7.289081,0.7976377,28.800232,28.179596,2.764631e-06,14.253388,353.75504,N
2006-01-27 15:00:00,-6.443734,-1.8622651,30.285767,28.179596,4.253816e-07,13.038189,16.119507,N
2006-01-27 18:00:00,-5.6955447,-3.4406571,30.011871,28.179596,0.0,12.93455,31.136017,NE
2006-01-27 21:00:00,-6.4336057,-3.428814,28.353882,28.179596,0.0,14.171121,28.055542,NE
2006-01-28 00:00:00,-7.2365637,-2.4569435,27.578003,28.185455,0.0,14.855367,18.753265,N
2006-01-28 03:00:00,-5.9600086,-1.0901163,27.267273,28.185455,0.0,11.777498,10.365112,N
2006-01-28 06:00:00,-5.5381794,-0.9501497,27.066833,28.185455,2.7326634e-05,10.92262,9.735077,N
2006-01-28 09:00:00,-6.0901775,-0.16185093,27.180054,28.185455,7.049646e-05,11.842511,1.5223083,N
2006-01-28 12:00:00,-6.4911876,2.1077604,28.324371,28.185455,5.4972246e-05,13.266358,342.0108,N
2006-01-28 15:00:00,-6.3662705,0.07680994,30.823608,28.185455,5.317852e-07,12.375913,359.30875,N
2006-01-28 18:00:00,-7.028556,-3.480135,30.026062,28.185455,0.0,15.245449,26.34195,NE
2006-01-28 21:00:00,-7.695155,-2.5018046,28.166107,28.185455,0.0,15.72883,18.01007,N
2006-01-29 00:00:00,-7.2519436,-1.5505702,27.37024,28.204224,0.0,14.415242,12.068939,N
2006-01-29 03:00:00,-6.8505583,-1.5749748,26.785828,28.204224,0.0,13.663784,12.947571,N
2006-01-29 06:00:00,-6.7519,-0.88680595,26.640808,28.204224,3.8279686e-06,13.237334,7.482483,N
2006-01-29 09:00:00,-6.013277,0.23292649,26.616669,28.204224,5.199504e-05,11.697615,357.78174,N
2006-01-29 12:00:00,-6.9210825,1.5529187,28.516937,28.204224,2.4455832e-05,13.7879715,347.3537,N
2006-01-29 15:00:00,-6.7147627,-1.044358,30.433533,28.204224,3.1897798e-07,13.209351,8.840485,N
2006-01-29 18:00:00,-7.0446863,-3.143856,29.39273,28.204224,5.4866076e-05,14.995492,24.049927,NE
2006-01-29 21:00:00,-7.565737,-2.0095887,28.0531,28.204224,0.0,15.216533,14.875244,N
2006-01-30 00:00:00,-7.0536895,-0.43729788,27.356781,28.222076,0.0,13.737568,3.5475464,N
2006-01-30 03:00:00,-6.255046,-0.29535753,26.81195,28.222076,0.0,12.172356,2.7034607,N
2006-01-30 06:00:00,-6.1141853,0.11431384,26.406586,28.222076,8.507632e-07,11.887075,358.9289,N
2006-01-30 09:00:00,-5.39882,2.2236814,26.182312,28.222076,5.84824e-06,11.349766,337.61407,N
2006-01-30 12:00:00,-5.929061,1.8412857,28.459137,28.222076,4.253816e-07,12.068114,342.74768,N
2006-01-30 15:00:00,-6.9156427,-0.93346137,30.702057,28.222076,0.0,13.56481,7.6872253,N
2006-01-30 18:00:00,-7.454137,-3.2646222,29.93393,28.222076,0.0,15.818357,23.65155,NE
2006-01-30 21:00:00,-7.9403,-2.2195387,28.391052,28.222076,0.0,16.026337,15.6171875,N
2006-01-31 00:00:00,-7.281766,-1.7341418,27.506958,28.24405,0.0,14.55044,13.395386,N
2006-01-31 03:00:00,-6.793915,-0.81538707,27.165192,28.24405,0.0,13.301057,6.84375,N
2006-01-31 06:00:00,-6.0954294,0.21318763,26.664429,28.24405,4.253816e-07,11.855784,357.9969,N
2006-01-31 09:00:00,-6.146634,0.91212314,26.36026,28.24405,3.4450786e-05,12.07891,351.55927,N
2006-01-31 12:00:00,-6.969474,1.4249749,28.425476,28.24405,4.7316542e-05,13.827811,348.4446,N
2006-01-31 15:00:00,-6.9021387,-0.97939914,30.136353,28.24405,2.9134331e-05,13.551052,8.076233,N
2006-01-31 18:00:00,-7.146533,-2.8856359,30.020935,28.24405,1.06403604e-07,14.981424,21.987915,N
2006-01-31 21:00:00,-7.647139,-3.1919472,28.25946,28.24405,0.0,16.107769,22.655853,NE
2006-02-01 00:00:00,-7.191923,-2.287907,27.540955,28.275269,0.0,14.670298,17.647003,N
2006-02-01 03:00:00,-6.7455235,-1.9175339,27.586517,28.275269,5.4228585e-06,13.631715,15.868744,N
2006-02-01 06:00:00,-6.1458836,-0.9034942,26.995453,28.275269,3.4025405e-05,12.075016,8.363037,N
2006-02-01 09:00:00,-6.8141713,-0.099583745,26.64563,28.275269,1.7650658e-05,13.247073,0.8372803,N
2006-02-01 12:00:00,-6.96047,-0.95660967,28.472351,28.275269,3.3493852e-05,13.657223,7.825409,N
2006-02-01 15:00:00,-6.918832,-2.4775796,30.11145,28.275269,3.2961834e-06,14.285391,19.702057,N
2006-02-01 18:00:00,-7.1425943,-4.3565407,29.44397,28.275269,6.3797925e-06,16.26288,31.380615,NE
2006-02-01 21:00:00,-6.92052,-3.7153864,27.925232,28.275269,0.0,15.268451,28.229797,NE
2006-02-02 00:00:00,-6.8291764,-2.0815458,27.417664,28.320465,0.0,13.877776,16.951324,N
2006-02-02 03:00:00,-6.2880564,-1.1448467,27.00595,28.320465,0.0,12.42391,10.318634,N
2006-02-02 06:00:00,-5.5730658,-0.18571705,26.726166,28.320465,0.0,10.839161,1.9086304,N
2006-02-02 09:00:00,-5.453776,0.6662845,26.42157,28.320465,0.0,10.680089,353.03473,N
2006-02-02 12:00:00,-6.543893,0.037332237,28.793884,28.320465,4.359521e-06,12.720488,359.67313,N
2006-02-02 15:00:00,-6.5679007,-2.168397,30.058746,28.320465,3.402587e-06,13.444752,18.27069,N
2006-02-02 18:00:00,-6.646302,-2.7343643,29.702576,28.320465,6.3797925e-06,13.969988,22.362823,N
2006-02-02 21:00:00,-7.171854,-2.2005174,28.17987,28.320465,0.0,14.582398,17.057434,N
2006-02-03 00:00:00,-7.1999884,-1.6903574,27.397339,28.366364,0.0,14.376158,13.212189,N
2006-02-03 03:00:00,-6.221097,-0.73535496,26.927917,28.366364,0.0,12.177006,6.741272,N
2006-02-03 06:00:00,-5.4096985,0.80499494,26.305267,28.366364,4.253816e-07,10.631375,351.53616,N
2006-02-03 09:00:00,-5.562,1.9738951,26.137848,28.366364,4.997477e-06,11.472297,340.46075,N
2006-02-03 12:00:00,-5.8227124,1.2878795,28.231354,28.366364,8.410658e-05,11.591973,347.52798,N
2006-02-03 15:00:00,-6.360456,-1.2853518,30.345093,28.366364,2.5520567e-06,12.613639,11.424744,N
2006-02-03 18:00:00,-6.1757064,-2.9839714,29.884644,28.366364,9.56934e-07,13.332452,25.788849,NE
2006-02-03 21:00:00,-6.35708,-3.1307566,28.69992,28.366364,1.06403604e-07,13.774421,26.219482,NE
2006-02-04 00:00:00,-6.3000607,-2.3381512,27.995728,28.396637,0.0,13.062507,20.36148,N
2006-02-04 03:00:00,-6.1353803,-1.6679268,27.569702,28.396637,0.0,12.359043,15.208527,N
2006-02-04 06:00:00,-5.036448,0.20565096,26.853943,28.396637,0.000170446,9.798207,357.66177,N
2006-02-04 09:00:00,-4.4024844,1.0258908,26.33435,28.396637,0.0002614637,8.787,346.88272,N
2006-02-04 12:00:00,-4.2655635,1.6013687,27.76773,28.396637,0.00014971173,8.856622,339.42297,N
2006-02-04 15:00:00,-5.3856907,-2.2114637,30.104645,28.396637,9.888783e-06,11.317128,22.323944,N
2006-02-04 18:00:00,-6.5984735,-2.602652,29.531189,28.396637,2.8496375e-05,13.788069,21.525879,N
2006-02-04 21:00:00,-5.9601965,-2.2094898,28.321411,28.396637,2.1280721e-07,12.356125,20.340118,N
2006-02-05 00:00:00,-6.442609,-2.0164077,27.576813,28.414215,2.5838148e-05,13.122448,17.37909,N
2006-02-05 03:00:00,-5.8000174,-1.6731308,27.03186,28.414215,0.00029878528,11.734028,16.091248,N
2006-02-05 06:00:00,-5.757816,-1.2401316,26.089752,28.414215,0.00023509422,11.448932,12.154816,N
2006-02-05 09:00:00,-5.758566,-0.43209404,25.675415,28.414215,0.0001487548,11.225198,4.2911377,N
2006-02-05 12:00:00,-5.9305615,0.7477522,28.106323,28.414215,0.0001364206,11.619333,352.8138,N
2006-02-05 15:00:00,-5.440459,-1.3598211,29.918854,28.414215,8.1235776e-05,10.900715,14.033325,N
2006-02-05 18:00:00,-5.6754756,-3.1016867,29.433716,28.414215,3.4025405e-05,12.572226,28.656921,NE
2006-02-05 21:00:00,-7.1343412,-3.4248657,27.685211,28.414215,2.5306363e-05,15.383199,25.643494,NE
2006-02-06 00:00:00,-6.261235,-2.6699438,27.797455,28.423004,2.7433038e-05,13.231208,23.094574,NE
2006-02-06 03:00:00,-5.197377,-2.7307754,27.37613,28.423004,1.2761448e-06,11.412487,27.718079,NE
2006-02-06 06:00:00,-4.7389727,-1.5679765,26.950562,28.423004,5.8481237e-05,9.702939,18.30774,N
2006-02-06 09:00:00,-4.5403433,-0.87532145,26.548798,28.423004,0.00017172191,8.988217,10.912048,N
2006-02-06 12:00:00,-5.467093,0.4954535,27.481812,28.423004,7.357984e-05,10.670704,354.82175,N
2006-02-06 15:00:00,-5.9401274,-4.300016,28.069489,28.423004,0.00028368668,14.254493,35.900513,NE
2006-02-06 18:00:00,-5.7565026,-4.6553154,28.146667,28.423004,3.7215417e-05,14.390887,38.962646,NE
2006-02-06 21:00:00,-6.0061493,-3.670525,27.219208,28.423004,0.0,13.682561,31.430267,NE
2006-02-07 00:00:00,-5.4096985,-2.4239256,27.305084,28.42569,0.0,11.522931,24.135742,NE
2006-02-07 03:00:00,-4.411863,-1.5498526,27.117767,28.42569,2.0627864e-05,9.089729,19.355957,N
2006-02-07 06:00:00,-4.16653,-1.013314,26.723969,28.42569,8.507632e-07,8.335149,13.669159,N
2006-02-07 09:00:00,-4.966487,-0.08881712,26.481781,28.42569,2.6582507e-05,9.6556,1.0245361,N
2006-02-07 12:00:00,-5.821587,-0.14839262,27.427399,28.42569,3.817235e-05,11.31991,1.460144,N
2006-02-07 15:00:00,-5.3374867,-1.3623333,28.572906,28.42569,4.253816e-07,10.707844,14.31839,N
2006-02-07 18:00:00,-4.7292194,-2.5746589,28.773132,28.42569,0.0,10.466886,28.564545,NE
2006-02-07 21:00:00,-5.5310516,-2.8737924,27.684998,28.42569,0.0,12.116099,27.45523,NE
2006-02-08 00:00:00,-5.4488993,-1.9622154,27.287292,28.420807,0.0,11.257636,19.804565,N
2006-02-08 03:00:00,-5.0113144,-1.1590228,26.942566,28.420807,8.507632e-07,9.998333,13.022461,N
2006-02-08 06:00:00,-4.385041,-0.75024873,26.518524,28.420807,5.7205325e-05,8.647676,9.708893,N
2006-02-08 09:00:00,-4.420678,1.0678809,26.258179,28.420807,1.5949365e-05,8.840255,346.41953,N
2006-02-08 12:00:00,-5.880857,-0.6284061,28.659363,28.420807,9.888783e-06,11.496524,6.0992737,N
2006-02-08 15:00:00,-5.8983006,-1.9835694,30.211548,28.420807,1.5951227e-06,12.096325,18.587524,N
2006-02-08 18:00:00,-5.5372415,-2.693451,30.178864,28.420807,0.0,11.969339,25.939423,NE
2006-02-08 21:00:00,-5.768882,-2.7578714,28.441528,28.420807,1.06403604e-07,12.429311,25.550598,NE
2006-02-09 00:00:00,-5.70436,-2.9066308,27.654175,28.411285,0.0,12.444861,27.000916,NE
2006-02-09 03:00:00,-5.675288,-2.934983,27.286743,28.411285,4.253816e-07,12.419757,27.345795,NE
2006-02-09 06:00:00,-4.808371,-1.6402924,27.018188,28.411285,7.762108e-06,9.875586,18.836182,N
2006-02-09 09:00:00,-4.447687,-0.7498899,26.933716,28.411285,2.796459e-05,8.767614,9.57019,N
2006-02-09 12:00:00,-5.1525497,-0.8801665,28.444275,28.411285,9.537744e-05,10.160811,9.693787,N
2006-02-09 15:00:00,-4.6314993,-3.947587,30.017975,28.411285,3.615208e-05,11.829386,40.44211,NE
2006-02-09 18:00:00,-4.5694156,-5.1932893,29.218628,28.411285,0.00010122545,13.446234,48.656433,NE
2006-02-09 21:00:00,-4.94473,-3.4808526,28.354858,28.411285,0.0,11.7544775,35.143707,NE
2006-02-10 00:00:00,-4.94548,-3.0126824,27.461823,28.39566,1.3078563e-05,11.2565,31.348907,NE
2006-02-10 03:00:00,-4.385979,-2.0316603,27.120514,28.39566,6.932672e-05,9.395899,24.85437,NE
2006-02-10 06:00:00,-3.8589265,-1.8039455,26.703003,28.39566,0.00011962047,8.280287,25.05484,NE
2006-02-10 09:00:00,-3.7240686,-1.472512,26.592163,28.39566,0.000111114234,7.78434,21.574036,N
2006-02-10 12:00:00,-4.557599,-1.7926407,27.362244,28.39566,0.00021255226,9.519909,21.471191,N
2006-02-10 15:00:00,-4.4943905,-3.6093345,28.645905,28.39566,9.569805e-06,11.204824,38.76709,NE
2006-02-10 18:00:00,-4.7521024,-4.1216483,29.135101,28.39566,2.764631e-06,12.227737,40.936127,NE
2006-02-10 21:00:00,-4.4587536,-2.9028625,28.059448,28.39566,4.253816e-07,10.342087,33.06607,NE
2006-02-11 00:00:00,-4.7145896,-1.8392961,27.569275,28.37732,2.5520567e-06,9.83713,21.312164,N
2006-02-11 03:00:00,-5.003812,-1.0675063,27.029236,28.37732,3.1579984e-05,9.945493,12.042877,N
2006-02-11 06:00:00,-4.32277,-0.8401504,26.092468,28.37732,8.814712e-05,8.560004,10.998596,N
2006-02-11 09:00:00,-4.295386,-1.248745,25.44403,28.37732,0.0001439699,8.695226,16.210083,N
2006-02-11 12:00:00,-5.688605,-2.1181526,26.455658,28.37732,0.00022222823,11.799413,20.422821,N
2006-02-11 15:00:00,-5.3269835,-3.0203984,28.171783,28.37732,2.8496375e-05,11.90347,29.553223,NE
2006-02-11 18:00:00,-5.269964,-3.7780123,26.698181,28.37732,0.0001702332,12.604405,35.636566,NE
2006-02-11 21:00:00,-5.50967,-2.6952455,27.84195,28.37732,1.8076971e-06,11.922699,26.06717,NE
2006-02-12 00:00:00,-5.4789095,-2.4770412,26.754028,28.3573,5.210284e-06,11.687989,24.327942,NE
2006-02-12 03:00:00,-4.747413,-1.4965575,26.790009,28.3573,7.3367264e-06,9.675876,17.496735,N
2006-02-12 06:00:00,-3.9324515,-0.3377064,26.466705,28.3573,6.284076e-05,7.6721916,4.908325,N
2006-02-12 09:00:00,-4.4107375,-0.73158664,25.44403,28.3573,7.974706e-05,8.690906,9.417633,N
2006-02-12 12:00:00,-5.2234483,-1.9521666,27.012299,28.3573,6.369129e-05,10.8394785,20.49228,N
2006-02-12 15:00:00,-4.7991805,-3.6093345,28.552368,28.3573,0.00018405612,11.672663,36.94583,NE
2006-02-12 18:00:00,-4.452564,-4.0672765,27.165192,28.3573,0.00016321545,11.722509,42.410706,NE
2006-02-12 21:00:00,-4.4867005,-4.16633,27.489136,28.3573,5.2845804e-05,11.90176,42.87964,NE
2006-02-13 00:00:00,-3.688244,-2.0910566,27.260956,28.346588,2.2116583e-05,8.241437,29.551147,NE
2006-02-13 03:00:00,-2.5615525,-1.0127759,26.877533,28.346588,4.4126762e-05,5.3543057,21.572632,N
2006-02-13 06:00:00,-1.9028308,0.13459104,26.292389,28.346588,7.1772374e-05,3.70804,355.9541,N
2006-02-13 09:00:00,-2.1055865,0.81683826,25.92035,28.346588,5.84824e-06,4.3901186,338.7968,N
2006-02-13 12:00:00,-3.3001761,1.0935414,27.87857,28.346588,1.4779856e-05,6.7580237,341.66693,N
2006-02-13 15:00:00,-3.366386,-0.5377868,29.381775,28.346588,6.518001e-05,6.62669,9.076416,N
2006-02-13 18:00:00,-2.95506,-3.0037103,29.165924,28.346588,0.0,8.190618,45.467773,NE
2006-02-13 21:00:00,-3.2647266,-3.8688111,27.74237,28.346588,2.9772054e-06,9.840159,49.840393,NE
2006-02-14 00:00:00,-2.9719405,-3.548503,27.660522,28.35147,1.5843194e-05,8.997335,50.05316,NE
2006-02-14 03:00:00,-2.2813332,-2.501625,27.101929,28.35147,0.00014620274,6.581157,47.637054,NE
2006-02-14 06:00:00,-3.1713202,-2.9012475,26.346588,28.35147,0.00015938771,8.355011,42.45349,NE
2006-02-14 09:00:00,-4.444311,-2.9412637,24.710785,28.35147,0.00036470965,10.35958,33.496765,NE
2006-02-14 12:00:00,-4.44825,-2.2597342,26.895477,28.35147,0.00031707413,9.698442,26.930817,NE
2006-02-14 15:00:00,-3.586585,-2.2979558,26.077057,28.35147,0.0010738196,8.279982,32.64804,NE
2006-02-14 18:00:00,-1.9382801,-3.1399083,27.737244,28.35147,2.445653e-06,7.172731,58.312775,NE
2006-02-14 21:00:00,-3.1739461,-1.5125282,27.160828,28.35147,1.0633375e-06,6.834381,25.479889,NE
2006-02-15 00:00:00,-2.8942895,-0.8853703,26.641785,28.36319,0.0,5.883382,17.009003,N
2006-02-15 03:00:00,-2.122092,-1.4689231,26.812836,28.36319,3.4025405e-05,5.016844,34.691193,NE
2006-02-15 06:00:00,-1.3339517,-1.6977146,26.312378,28.36319,0.00027124607,4.1969223,51.84207,NE
2006-02-15 09:00:00,-1.9834828,-1.5455458,25.4599,28.36319,0.00018692692,4.887865,37.925995,NE
2006-02-15 12:00:00,-2.987696,-1.7545984,26.59021,28.36319,0.0003218588,6.735046,30.424652,NE
2006-02-15 15:00:00,-3.2545981,-2.9749992,28.385132,28.36319,8.081086e-06,8.571218,42.430145,NE
2006-02-15 18:00:00,-2.6860943,-4.104242,28.853668,28.36319,4.040543e-06,9.534709,56.79654,NE
2006-02-15 21:00:00,-3.0477161,-3.449091,27.746765,28.36319,8.29366e-06,8.946902,48.535248,NE
2006-02-16 00:00:00,-2.8157005,-3.0596967,27.591217,28.379059,0.0,8.082708,47.37805,NE
2006-02-16 03:00:00,-3.5832088,-1.2930677,27.173737,28.379059,7.124152e-06,7.404834,19.842926,N
2006-02-16 06:00:00,-3.8928757,-0.2851292,26.428894,28.379059,0.00010452187,7.587398,4.189087,N
2006-02-16 09:00:00,-3.190827,1.2403268,25.433563,28.379059,0.0015804786,6.654576,338.7581,N
2006-02-16 12:00:00,-3.8086598,2.6349678,27.549469,28.379059,0.000109625515,9.002507,325.32312,NW
2006-02-16 15:00:00,-3.8349185,-0.36892968,28.938171,28.379059,2.987869e-05,7.488884,5.4950867,N
2006-02-16 18:00:00,-4.662447,-2.6231089,27.434296,28.379059,0.0022090974,10.398929,29.362244,NE
2006-02-16 21:00:00,-4.3835406,-2.2613492,27.899109,28.379059,3.8279686e-06,9.587907,27.287964,NE
2006-02-17 00:00:00,-4.149837,-2.7880182,27.660736,28.390533,0.00021382817,9.718071,33.894714,NE
2006-02-17 03:00:00,-3.203581,-1.6137347,26.295105,28.390533,0.0010806248,6.97269,26.735687,NE
2006-02-17 06:00:00,-4.0138535,-0.99788195,25.254517,28.390533,0.00045594014,8.039791,13.961243,N
2006-02-17 09:00:00,-3.9902208,1.2688584,25.049927,28.390533,0.0030569672,8.139067,342.35974,N
2006-02-17 12:00:00,-3.6030905,2.152801,25.549194,28.390533,0.00023232959,8.158761,329.1422,NW
2006-02-17 15:00:00,-4.416927,-0.9774253,27.732544,28.390533,5.582301e-05,8.793509,12.477936,N
2006-02-17 18:00:00,-4.244744,-3.0575435,27.272644,28.390533,0.00021244609,10.168797,35.765686,NE
2006-02-17 21:00:00,-4.17422,-2.132508,27.2453,28.390533,0.00030463352,9.111552,27.061401,NE
2006-02-18 00:00:00,-3.9165084,-0.5672156,26.56781,28.401276,0.00021850667,7.692493,8.240662,N
2006-02-18 03:00:00,-3.2643514,-0.5022568,25.89859,28.401276,0.00016874471,6.4200454,8.747009,N
2006-02-18 06:00:00,-2.563428,-0.41343182,25.365692,28.401276,7.326086e-05,5.047284,9.161804,N
2006-02-18 09:00:00,-3.0298977,1.5968826,25.666443,28.401276,2.392428e-05,6.657564,332.2089,NW
2006-02-18 12:00:00,-4.0359864,1.0468858,26.552826,28.401276,5.071913e-05,8.104939,345.45865,N
2006-02-18 15:00:00,-4.9034657,-0.7717821,27.462036,28.401276,5.390914e-05,9.648894,8.944702,N
2006-02-18 18:00:00,-4.341151,-1.3748944,27.994293,28.401276,1.9883737e-05,8.85161,17.573608,N
2006-02-18 21:00:00,-4.4994545,-0.0527488,27.710571,28.401276,2.3286091e-05,8.74682,0.6716614,N
2006-02-19 00:00:00,-4.6054277,0.9426287,26.50473,28.414429,9.675976e-06,9.137809,348.4326,N
2006-02-19 03:00:00,-4.4610043,1.0011275,26.640045,28.414429,1.38229225e-05,8.887157,347.35138,N
2006-02-19 06:00:00,-4.7532277,1.3738333,26.392487,28.414429,2.3498898e-05,9.617706,343.87903,N
2006-02-19 09:00:00,-4.543532,1.3880094,26.244293,28.414429,9.442051e-05,9.234826,343.01254,N
2006-02-19 12:00:00,-6.014777,1.0434763,28.0307,28.414429,4.1469466e-06,11.866405,350.158,N
2006-02-19 15:00:00,-6.3235064,-1.1866572,29.460358,28.414429,1.8076971e-06,12.506444,10.628418,N
2006-02-19 18:00:00,-5.9172444,-1.9204049,28.777283,28.414429,5.0506555e-05,12.09277,17.98053,N
2006-02-19 21:00:00,-6.2284117,-1.6528535,27.832428,28.414429,0.0,12.526091,14.862213,N
2006-02-20 00:00:00,-6.369459,-1.4127572,27.559967,28.42688,4.444574e-05,12.682107,12.505859,N
2006-02-20 03:00:00,-4.9422913,-0.5058456,26.779724,28.42688,9.059254e-05,9.657212,5.8439026,N
2006-02-20 06:00:00,-4.3231454,0.11646718,25.864594,28.42688,8.410658e-05,8.406552,358.45682,N
2006-02-20 09:00:00,-3.9438927,1.1355313,25.3143,28.42688,0.00031632977,7.9777336,343.93774,N
2006-02-20 12:00:00,-5.296598,0.46925464,27.08783,28.42688,0.0002091499,10.336066,354.93707,N
2006-02-20 15:00:00,-5.945566,-2.1875975,28.897827,28.42688,7.230393e-05,12.314705,20.20047,N
2006-02-20 18:00:00,-5.280843,-3.4778018,28.83017,28.42688,2.7433038e-05,12.29122,33.367676,NE
2006-02-20 21:00:00,-5.232639,-3.096124,27.761627,28.42688,5.316455e-06,11.8185625,30.61258,NE
2006-02-21 00:00:00,-5.483036,-2.6638427,27.390991,28.432983,2.5731744e-05,11.849414,25.912048,NE
2006-02-21 03:00:00,-5.0794,-2.6236472,26.936462,28.432983,6.6987704e-06,11.11289,27.317566,NE
2006-02-21 06:00:00,-3.7919667,-2.090877,26.419067,28.432983,0.0,8.417249,28.872192,NE
2006-02-21 09:00:00,-3.5381937,-0.58731335,25.657166,28.432983,1.1802651e-05,6.9717913,9.424744,N
2006-02-21 12:00:00,-3.8276036,-0.66590995,28.2294,28.432983,4.678499e-06,7.5520086,9.869293,N
2006-02-21 15:00:00,-4.1006956,-3.4219947,29.323425,28.432983,6.486196e-06,10.381953,39.844696,NE
2006-02-21 18:00:00,-2.7933805,-4.266998,28.07901,28.432983,8.931663e-05,9.9136305,56.789337,NE
2006-02-21 21:00:00,-3.5582628,-3.6577845,27.432312,28.432983,0.0,9.919417,45.79016,NE
2006-02-22 00:00:00,-3.8375444,-2.6665344,27.237213,28.432007,4.3276e-05,9.0836115,34.79367,NE
2006-02-22 03:00:00,-3.1287434,-2.3700924,26.769897,28.432007,0.00017055217,7.6297574,37.144745,NE
2006-02-22 06:00:00,-2.607318,-1.0854506,25.5177,28.432007,0.0014706405,5.4898634,22.602417,NE
2006-02-22 09:00:00,-2.2520733,-0.16274816,24.919312,28.432007,0.0006292567,4.3890862,4.133362,N
2006-02-22 12:00:00,-1.659749,-2.783532,26.90857,28.432007,0.00013440032,6.2996063,59.19345,NE
2006-02-22 15:00:00,-0.7523186,-3.6985183,27.74237,28.432007,0.00031526643,7.3365526,78.50226,E
2006-02-22 18:00:00,-1.6226115,-3.8309484,27.636139,28.432007,2.9559713e-05,8.087177,67.04474,NE
2006-02-22 21:00:00,-1.9598501,-2.8274958,27.06903,28.432007,4.4977292e-05,6.6874156,55.272614,NE
2006-02-23 00:00:00,-3.1851997,-2.0883648,26.611969,28.429321,2.7752016e-05,7.403649,33.2507,NE
2006-02-23 03:00:00,-3.136621,-1.4152694,26.3891,28.429321,9.7397715e-05,6.689007,24.285278,NE
2006-02-23 06:00:00,-2.1931787,-0.50979346,25.635406,28.429321,7.2516734e-05,4.3768454,13.085754,N
2006-02-23 09:00:00,-2.0941453,-0.48736292,25.018677,28.429321,0.00016512955,4.179467,13.101044,N
2006-02-23 12:00:00,-2.4885902,-1.0963969,26.019897,28.429321,3.232411e-05,5.2860894,23.776825,NE
2006-02-23 15:00:00,-3.139622,-2.3471234,27.897156,28.429321,2.201018e-05,7.6198072,36.781097,NE
2006-02-23 18:00:00,-3.1414976,-3.692597,28.395203,28.429321,1.0313932e-05,9.423972,49.61035,NE
2006-02-23 21:00:00,-3.086354,-4.171713,27.838013,28.429321,2.2754539e-05,10.087157,53.504883,NE
2006-02-24 00:00:00,-2.663962,-2.4669924,27.201813,28.431519,8.357479e-05,7.057704,42.801575,NE
2006-02-24 03:00:00,-2.2441957,-2.1936986,26.940063,28.431519,1.807604e-05,6.1002913,44.348083,NE
2006-02-24 06:00:00,-3.2801068,-1.8601117,26.297516,28.431519,0.00010452187,7.3298793,29.557068,NE
2006-02-24 09:00:00,-2.627012,-1.103754,25.98648,28.431519,0.00011175219,5.538909,22.789978,NE
2006-02-24 12:00:00,-4.008602,-1.946245,27.159515,28.431519,0.00012344844,8.661932,25.89737,NE
2006-02-24 15:00:00,-3.421717,-3.0175273,27.479858,28.431519,0.00014067371,8.8681755,41.408264,NE
2006-02-24 18:00:00,-2.0802655,-3.3396301,27.52948,28.431519,4.572328e-06,7.6481237,58.081085,NE
2006-02-24 21:00:00,-3.769834,-2.6161106,27.147614,28.431519,0.0003406792,8.919597,34.759064,NE
2006-02-25 00:00:00,-3.154252,-1.0574574,26.234009,28.433472,0.00025423337,6.466745,18.53363,N
2006-02-25 03:00:00,-2.3117185,-0.26251918,25.773132,28.433472,0.0002616765,4.5224924,6.47876,N
2006-02-25 06:00:00,-3.2107084,-0.41576463,25.26361,28.433472,0.00049900333,6.2932124,7.378357,N
2006-02-25 09:00:00,-3.7966557,1.0992836,25.177155,28.433472,0.00011611171,7.683215,343.85217,N
2006-02-25 12:00:00,-4.0759373,0.45023355,26.724762,28.433472,0.00012312946,7.9711604,353.6966,N
2006-02-25 15:00:00,-5.0869026,-2.2014148,26.674683,28.433472,0.0010879613,10.774347,23.401093,NE
2006-02-25 18:00:00,-4.1050096,-2.553664,28.437592,28.433472,5.794945e-05,9.397477,31.885101,NE
2006-02-25 21:00:00,-4.5320907,-2.62921,27.576569,28.433472,0.00016587367,10.1847925,30.119385,NE
2006-02-26 00:00:00,-4.5617256,-1.6036859,26.909576,28.427643,5.826843e-05,9.399256,19.369263,N
2006-02-26 03:00:00,-4.4300566,-1.3521049,26.290955,28.427643,5.8055855e-05,9.003482,16.972809,N
2006-02-26 06:00:00,-3.8544252,-0.65191334,25.60196,28.427643,0.00013280543,7.5987945,9.5997925,N
2006-02-26 09:00:00,-4.8218756,-0.54693836,25.572906,28.427643,0.00033217273,9.433059,6.4713135,N
2006-02-26 12:00:00,-4.7914906,-1.4978137,26.818512,28.427643,0.00017990917,9.758353,17.359192,N
2006-02-26 15:00:00,-4.694708,-2.8454404,27.06311,28.427643,0.000100162346,10.6711,31.219849,NE
2006-02-26 18:00:00,-3.295112,-3.7979307,27.618774,28.427643,0.0001440763,9.77387,49.05487,NE
2006-02-26 21:00:00,-3.8863108,-2.0354288,26.497406,28.427643,0.00056120614,8.527761,27.643005,NE
2006-02-27 00:00:00,-4.4776974,-1.3409793,25.756958,28.408325,0.0001826738,9.085867,16.671875,N
2006-02-27 03:00:00,-3.7030616,-1.4053998,25.508759,28.408325,0.0006420163,7.6991315,20.782928,N
2006-02-27 06:00:00,-3.4794865,-0.32783693,25.069702,28.408325,0.00088870036,6.79352,5.3825073,N
2006-02-27 09:00:00,-3.999224,0.30111533,24.998901,28.408325,0.00037225895,7.7958555,355.69412,N
2006-02-27 12:00:00,-4.853574,0.12848991,26.886597,28.408325,9.516487e-05,9.437877,358.48355,N
2006-02-27 15:00:00,-5.580381,-2.6878881,26.882996,28.408325,0.0008302191,12.040108,25.718597,NE
2006-02-27 18:00:00,-4.652881,-4.0279784,27.996704,28.408325,3.3919234e-05,11.962739,40.8826,NE
2006-02-27 21:00:00,-4.3968577,-3.5047188,27.255798,28.408325,0.00012897747,10.929743,38.558228,NE
2006-02-28 00:00:00,-4.0027876,-2.911476,26.740143,28.38562,0.00014120527,9.621321,36.03073,NE
2006-02-28 03:00:00,-3.5269399,-0.5252257,26.023834,28.38562,0.0003325981,6.9314094,8.470154,N
2006-02-28 06:00:00,-2.9537468,0.09941995,25.955414,28.38562,8.814712e-05,5.7448626,358.0722,N
2006-02-28 09:00:00,-2.9719405,0.15522712,25.406677,28.38562,0.00015577255,5.784852,357.0101,N
2006-02-28 12:00:00,-3.5826461,-1.5042737,26.546478,28.38562,0.00019532698,7.553061,22.776459,NE
2006-02-28 15:00:00,-3.3346877,-3.3870034,26.428558,28.38562,0.002618784,9.239262,45.445923,NE
2006-02-28 18:00:00,-2.8066974,-4.6965876,26.675903,28.38562,0.00021691178,10.635396,59.1373,NE
2006-02-28 21:00:00,-2.786253,-3.3425012,26.27948,28.38562,0.00034036022,8.458612,50.185974,NE
2006-03-01 00:00:00,-2.2124975,-2.1545799,25.399109,28.373169,0.00032887654,6.0030866,44.240173,NE
2006-03-01 03:00:00,-2.13841,-0.9311287,25.444916,28.373169,0.0011875918,4.5336914,23.529785,NE
2006-03-01 06:00:00,-2.7386122,-2.148658,24.93637,28.373169,0.0002814536,6.7663302,38.117004,NE
2006-03-01 09:00:00,-1.3560843,0.73501164,24.802368,28.373169,0.0013105085,2.9983108,331.54187,NW
2006-03-01 12:00:00,-3.3592584,-1.8427055,26.121765,28.373169,0.00020659785,7.4477696,28.746765,NE
2006-03-01 15:00:00,-2.9334903,-3.4112282,26.343414,28.373169,0.0012649996,8.745518,49.30606,NE
2006-03-01 18:00:00,-1.6604991,-3.9291043,26.395447,28.373169,6.5924134e-05,8.291593,67.09033,NE
2006-03-01 21:00:00,-2.259951,-3.4926958,26.28189,28.373169,0.00039480068,8.086539,57.095093,NE
2006-03-02 00:00:00,-3.6025279,-2.8563864,25.173553,28.368042,0.0009379308,8.936835,38.41034,NE
2006-03-02 03:00:00,-2.7363613,-2.0156898,25.765259,28.368042,0.00012312946,6.606391,36.376526,NE
2006-03-02 06:00:00,-1.2786207,-1.9080234,24.646637,28.368042,0.0007188923,4.4646688,56.17282,NE
2006-03-02 09:00:00,-1.8957033,-0.89846975,24.803894,28.368042,0.0017937751,4.0778685,25.358643,NE
2006-03-02 12:00:00,-2.3644238,-0.5541162,25.520447,28.368042,0.0011683463,4.7205887,13.189575,N
2006-03-02 15:00:00,-2.233317,-2.4158506,27.459625,28.368042,0.00072516594,6.3952155,47.248352,NE
2006-03-02 18:00:00,-2.4953427,-4.345236,27.32489,28.368042,0.00080820895,9.740134,60.132507,NE
2006-03-02 21:00:00,-3.0304604,-2.45479,27.126404,28.368042,0.00018107891,7.5808973,39.00882,NE
2006-03-03 00:00:00,-4.1609035,-1.0353858,26.345398,28.366364,0.00021159532,8.334778,13.973511,N
2006-03-03 03:00:00,-4.4364333,-1.0264134,25.22699,28.366364,0.0010320321,8.85151,13.026764,N
2006-03-03 06:00:00,-3.8512366,-0.2811814,24.909363,28.366364,0.0015394355,7.506114,4.1757812,N
2006-03-03 09:00:00,-2.9935102,1.0973097,25.035065,28.366364,0.00065243663,6.1975255,339.86893,N
2006-03-03 12:00:00,-4.8490725,2.219375,25.997498,28.366364,0.00029804115,10.3661785,335.4069,NW
2006-03-03 15:00:00,-5.9299984,2.1291144,27.394379,28.366364,0.00014918018,12.247428,340.24976,N
2006-03-03 18:00:00,-6.2304745,-3.0257819,27.025085,28.366364,0.0015714406,13.463695,25.903168,NE
2006-03-03 21:00:00,-5.65203,-0.4904135,26.617523,28.366364,3.934372e-06,11.027922,4.959015,N
2006-03-04 00:00:00,-6.4382944,-0.02349937,25.849304,28.365387,0.0010004523,12.515098,0.20913696,N
2006-03-04 03:00:00,-5.321919,1.0136886,26.553162,28.365387,6.050151e-05,10.530947,349.21582,N
2006-03-04 06:00:00,-5.289658,1.5001621,25.868103,28.365387,0.00011100783,10.687757,344.1665,N
2006-03-04 09:00:00,-4.651756,1.1016164,25.503052,28.365387,0.0010581892,9.292367,346.67682,N
2006-03-04 12:00:00,-5.19869,-0.18858814,26.74408,28.365387,0.0010056626,10.112068,2.0775452,N
2006-03-04 15:00:00,-5.700234,-0.72943324,26.630981,28.365387,0.00065360614,11.170695,7.2922363,N
2006-03-04 18:00:00,-5.894737,-1.725708,26.839935,28.365387,0.0004812465,11.939354,16.317596,N
2006-03-04 21:00:00,-5.8003926,-1.23421,25.91861,28.365387,9.878003e-05,11.5274515,12.012268,N
2006-03-05 00:00:00,-4.998935,-0.06441271,26.304077,28.362213,9.8142074e-05,9.7179365,0.7382202,N
2006-03-05 03:00:00,-4.855637,-0.3131225,26.255554,28.362213,9.31446e-05,9.458186,3.6896973,N
2006-03-05 06:00:00,-5.143734,-0.16077429,25.303162,28.362213,0.0014620279,10.003479,1.7902832,N
2006-03-05 09:00:00,-4.3782887,1.3808317,25.18863,28.362213,0.00022392953,8.923922,342.4957,N
2006-03-05 12:00:00,-5.957758,1.9900451,27.078308,28.362213,5.27394e-05,12.209909,341.52936,N
2006-03-05 15:00:00,-7.6126275,-0.16149205,27.25351,28.362213,0.0009421839,14.80106,1.215271,N
2006-03-05 18:00:00,-6.0854883,-0.26305753,28.425903,28.362213,5.582301e-05,11.840262,2.4751892,N
2006-03-05 21:00:00,-5.871291,0.04289502,27.590454,28.362213,2.1159649e-05,11.413156,359.58142,N
2006-03-06 00:00:00,-5.610016,-0.41414958,26.894928,28.361237,0.00012631924,10.9346485,4.222107,N
2006-03-06 03:00:00,-4.875894,0.12095326,25.955414,28.361237,0.0006933734,9.480874,358.57898,N
2006-03-06 06:00:00,-4.3736,0.24118093,25.658356,28.361237,3.253692e-05,8.514496,356.84363,N
2006-03-06 09:00:00,-4.0725613,-0.034983814,25.43695,28.361237,8.19799e-05,7.9166994,0.49215698,N
2006-03-06 12:00:00,-5.8424067,-0.7443271,27.359955,28.361237,0.00019989908,11.448498,7.2604065,N
2006-03-06 15:00:00,-5.8939867,-1.9950538,27.901306,28.361237,4.561525e-05,12.095515,18.70044,N
2006-03-06 18:00:00,-5.872417,-2.8766637,27.47528,28.361237,0.0004160665,12.711061,26.098389,NE
2006-03-06 21:00:00,-5.6580324,-3.7640157,26.273376,28.361237,0.00016172696,13.209698,33.63391,NE
2006-03-07 00:00:00,-4.827315,-3.157135,26.193237,28.369293,0.00030240067,11.212178,33.185272,NE
2006-03-07 03:00:00,-4.3947945,-1.5401626,25.601196,28.369293,0.0003113323,9.052185,19.31308,N
2006-03-07 06:00:00,-4.503206,-1.1496918,25.304138,28.369293,0.00015492178,9.034288,14.32196,N
2006-03-07 09:00:00,-4.837631,-1.1762495,25.505798,28.369293,5.3164782e-05,9.677559,13.666046,N
2006-03-07 12:00:00,-5.7651305,-2.2216918,27.00357,28.369293,0.0001318485,12.009823,21.075012,N
2006-03-07 15:00:00,-5.689918,-3.284002,27.967651,28.369293,2.1053245e-05,12.77028,29.991882,NE
2006-03-07 18:00:00,-5.192688,-3.2515228,28.549744,28.369293,1.5205238e-05,11.909317,32.05371,NE
2006-03-07 21:00:00,-5.338612,-2.2970586,27.834076,28.369293,6.3797925e-06,11.29725,23.280884,NE
2006-03-08 00:00:00,-4.7432866,-1.7323472,27.14148,28.393463,2.041529e-05,9.815871,20.063232,N
2006-03-08 03:00:00,-4.3276467,-1.3138833,26.500916,28.393463,7.9215504e-05,8.791406,16.888397,N
2006-03-08 06:00:00,-3.843359,-1.1904256,25.726227,28.393463,0.00020308909,7.821033,17.209625,N
2006-03-08 09:00:00,-4.2393045,-1.0511768,24.965454,28.393463,0.00023286114,8.490082,13.926178,N
2006-03-08 12:00:00,-3.66855,-1.7131469,26.703766,28.393463,0.00011919532,7.8703036,25.031738,NE
2006-03-08 15:00:00,-3.0186439,-3.2396793,28.072662,28.393463,2.1904008e-05,8.607444,47.022766,NE
2006-03-08 18:00:00,-2.4250064,-3.6389432,28.23059,28.393463,0.00010026852,8.500287,56.320343,NE
2006-03-08 21:00:00,-3.1394343,-3.2133012,27.319183,28.393463,0.00015215739,8.732441,45.66617,NE
2006-03-09 00:00:00,-2.7736864,-2.5369756,26.396423,28.443237,8.857227e-05,7.3067656,42.447845,NE
2006-03-09 03:00:00,-2.538107,-1.7549574,25.71576,28.443237,0.00012206612,5.9982076,34.66165,NE
2006-03-09 06:00:00,-2.4743357,-1.3086793,25.02063,28.443237,0.00012312946,5.441009,27.87442,NE
2006-03-09 09:00:00,-1.9564738,-0.90780085,24.885864,28.443237,0.00014152448,4.192522,24.891235,NE
2006-03-09 12:00:00,-2.9816937,-1.5904069,26.704193,28.443237,0.00015864335,6.568883,28.075043,NE
2006-03-09 15:00:00,-2.4435754,-2.823548,28.591492,28.443237,5.0187577e-05,7.258488,49.12619,NE
2006-03-09 18:00:00,-2.5679297,-4.367307,28.723724,28.443237,0.00010282057,9.848123,59.54492,NE
2006-03-09 21:00:00,-2.8946645,-3.6786003,27.94284,28.443237,5.4547098e-05,9.098995,51.801025,NE
2006-03-10 00:00:00,-3.1167393,-2.7946575,27.29657,28.492798,7.474958e-05,8.13728,41.881317,NE
2006-03-10 03:00:00,-2.3829923,-2.2166674,26.252808,28.492798,0.00016342825,6.3263755,42.929077,NE
2006-03-10 06:00:00,-2.3064666,-2.5055728,25.194733,28.492798,0.00019341311,6.619819,47.369354,NE
2006-03-10 09:00:00,-2.601691,-1.7456262,25.162079,28.492798,0.00012164074,6.0901494,33.859955,NE
2006-03-10 12:00:00,-2.70954,-2.3779879,27.55899,28.492798,6.5073604e-05,7.007653,41.27133,NE
2006-03-10 15:00:00,-2.047442,-3.2868733,28.792358,28.492798,6.422307e-05,7.527344,58.080597,NE
2006-03-10 18:00:00,-1.6775675,-4.952475,28.61029,28.492798,4.51901e-05,10.164116,71.28705,E
2006-03-10 21:00:00,-1.894203,-4.650291,27.566742,28.492798,7.0177484e-06,9.760557,67.83746,E
2006-03-11 00:00:00,-2.2066832,-3.5257134,27.285767,28.524292,5.84824e-06,8.085091,57.958252,NE
2006-03-11 03:00:00,-2.2098718,-3.0042486,26.533386,28.524292,1.88204e-05,7.249518,53.662476,NE
2006-03-11 06:00:00,-1.4418006,-2.3821151,26.081665,28.524292,4.997477e-05,5.4125605,58.815125,NE
2006-03-11 09:00:00,-0.9044323,-1.7120702,25.693237,28.524292,4.210649e-05,3.7638195,62.15393,NE
2006-03-11 12:00:00,-1.9296522,-2.9610023,27.783813,28.524292,0.00010441546,6.8700633,56.908142,NE
2006-03-11 15:00:00,-2.0789526,-3.726153,28.624725,28.524292,0.00013769651,8.29413,60.84131,NE
2006-03-11 18:00:00,-2.3961217,-4.3341103,28.575867,28.524292,4.295702e-05,9.626604,61.063904,NE
2006-03-11 21:00:00,-3.591649,-3.863069,27.455933,28.524292,2.3286091e-05,10.253318,47.085175,NE
2006-03-12 00:00:00,-2.1194663,-2.3837302,27.02826,28.55069,1.1909055e-05,6.2003036,48.35846,NE
2006-03-12 03:00:00,-2.025122,-1.3783038,26.48114,28.55069,5.1782466e-05,4.7617497,34.23932,NE
2006-03-12 06:00:00,-2.976067,-0.97365695,25.238464,28.55069,0.00019309414,6.0867286,18.11615,N
2006-03-12 09:00:00,-3.0231452,-0.16041541,24.959106,28.55069,0.0006280872,5.884778,3.0374146,N
2006-03-12 12:00:00,-3.359821,0.7167083,26.375885,28.55069,0.0008494647,6.677895,347.9583,N
2006-03-12 15:00:00,-3.6300995,-3.1149657,27.019745,28.55069,0.00018894719,9.298107,40.63269,NE
2006-03-12 18:00:00,-3.8060338,-2.0853143,28.062164,28.55069,0.0003636463,8.436004,28.7182,NE
2006-03-12 21:00:00,-4.203855,-1.8066373,27.182251,28.55069,6.805174e-06,8.894281,23.255981,NE
2006-03-13 00:00:00,-4.2648134,-0.8223854,26.755554,28.586823,4.402036e-05,8.442836,10.914398,N
2006-03-13 03:00:00,-4.4827614,-0.7256649,26.490845,28.586823,5.890662e-05,8.827205,9.195221,N
2006-03-13 06:00:00,-3.4399107,0.01992613,25.078247,28.586823,0.0008790244,6.686748,359.66812,N
2006-03-13 09:00:00,-3.4498515,-0.6007717,25.113647,28.586823,0.00024381303,6.8068833,9.878662,N
2006-03-13 12:00:00,-3.6807415,-1.2257762,26.515228,28.586823,0.00023977272,7.541094,18.419006,N
2006-03-13 15:00:00,-4.112512,-1.9767504,26.42221,28.586823,0.00070039113,8.869598,25.672058,NE
2006-03-13 18:00:00,-4.4253674,-2.3381512,25.614227,28.586823,0.0014076936,9.729075,27.849823,NE
2006-03-13 21:00:00,-4.6071157,-1.8156095,26.559723,28.586823,0.000117813004,9.625828,21.50882,N
2006-03-14 00:00:00,-3.979905,-2.266912,25.11267,28.643463,0.0026236754,8.903239,29.665375,NE
2006-03-14 03:00:00,-3.1754465,-1.4778953,25.036804,28.643463,0.0039359913,6.8083353,24.957886,NE
2006-03-14 06:00:00,-2.8693435,-0.44967955,24.437897,28.643463,0.002404318,5.645623,8.90686,N
2006-03-14 09:00:00,-2.9805684,0.6020434,24.781403,28.643463,0.000659029,5.9107585,348.5805,N
2006-03-14 12:00:00,-3.595963,-0.17512983,25.80896,28.643463,0.00052526686,6.9982615,2.788208,N
2006-03-14 15:00:00,-3.152939,-3.2150955,25.30951,28.643463,0.0030381468,8.753297,45.559235,NE
2006-03-14 18:00:00,-3.9971607,-3.2671344,26.396637,28.643463,3.4876168e-05,10.035084,39.261322,NE
2006-03-14 21:00:00,-3.4701083,-1.0084691,26.91809,28.643463,0.00045849197,7.0244102,16.204712,N
2006-03-15 00:00:00,-1.5595903,0.22951707,25.703735,28.71228,0.00024732202,3.064247,351.62817,N
2006-03-15 03:00:00,-1.3455808,-0.107658744,25.019867,28.71228,0.00018660794,2.6239524,4.5744324,N
2006-03-15 06:00:00,-2.3237224,1.853488,25.007751,28.71228,1.8076971e-06,5.777851,321.42282,NW
2006-03-15 09:00:00,-2.1335335,2.6468112,24.89856,28.71228,2.392428e-05,6.608363,308.8715,NW
2006-03-15 12:00:00,-2.8217025,1.1190224,26.475769,28.71228,0.00017087115,5.900512,338.36786,N
2006-03-15 15:00:00,-4.097507,-2.4797328,26.492615,28.71228,0.0007629127,9.309885,31.181519,NE
2006-03-15 18:00:00,-3.515686,-1.6498029,26.929138,28.71228,1.9883737e-05,7.548984,25.139221,NE
2006-03-15 21:00:00,-3.2919233,-1.5991998,27.286072,28.71228,9.569805e-06,7.1140823,25.910248,NE
2006-03-16 00:00:00,-3.978592,-1.6515975,26.607025,28.766754,7.655704e-06,8.373634,22.544373,NE
2006-03-16 03:00:00,-3.4999309,-0.8737064,26.54486,28.766754,4.168111e-05,7.012086,14.016571,N
2006-03-16 06:00:00,-4.4429984,0.45507854,25.589935,28.766754,0.00014471426,8.681663,354.15182,N
2006-03-16 09:00:00,-3.161942,0.8430371,25.169617,28.766754,0.0002985727,6.361018,345.07108,N
2006-03-16 12:00:00,-4.981304,0.61316895,27.348053,28.766754,9.293179e-05,9.75594,352.98254,N
2006-03-16 15:00:00,-4.859013,-0.51410013,28.576294,28.766754,7.44313e-06,9.497863,6.039612,N
2006-03-16 18:00:00,-5.479847,-2.429668,28.938385,28.766754,1.6587554e-05,11.652021,23.911652,NE
2006-03-16 21:00:00,-5.735308,-1.7763112,27.967957,28.766754,4.1469466e-06,11.670981,17.208527,N
2006-03-17 00:00:00,-6.102932,-0.528994,27.396362,28.797974,0.0,11.907605,4.953949,N
2006-03-17 03:00:00,-4.9709883,0.22503096,26.603424,28.797974,1.2761448e-06,9.672702,357.40805,N
2006-03-17 06:00:00,-4.280381,0.8491382,25.89618,28.797974,0.0,8.482517,348.7794,N
2006-03-17 09:00:00,-3.8979397,1.6822981,25.677399,28.797974,1.5949365e-05,8.252524,336.65564,NW
2006-03-17 12:00:00,-4.9366646,0.6497756,27.273834,28.797974,4.3063425e-05,9.678852,352.5017,N
2006-03-17 15:00:00,-6.334197,-1.242285,27.972992,28.797974,6.879517e-05,12.547231,11.096222,N
2006-03-17 18:00:00,-6.2638607,-1.9378111,28.717163,28.797974,8.612871e-06,12.745287,17.190155,N
2006-03-17 21:00:00,-5.99302,-1.2119589,27.914948,28.797974,3.7640566e-05,11.885296,11.432648,N
2006-03-18 00:00:00,-5.2800922,-1.2905555,26.876678,28.796997,7.8577315e-05,10.565786,13.734894,N
2006-03-18 03:00:00,-4.4853873,-0.07320547,25.965485,28.796997,0.0003267501,8.7200365,0.9350281,N
2006-03-18 06:00:00,-3.6897447,0.34525862,25.002594,28.796997,0.000974827,7.203604,354.65427,N
2006-03-18 09:00:00,-4.4831367,0.70378834,24.819763,28.796997,0.00054238574,8.821229,351.0782,N
2006-03-18 12:00:00,-4.674076,0.74559885,26.913483,28.796997,0.00011504837,9.200526,350.93665,N
2006-03-18 15:00:00,-4.116638,-2.4223106,28.507233,28.796997,6.305333e-05,9.284618,30.473389,NE
2006-03-18 18:00:00,-3.9847815,-3.895369,28.657837,28.796997,1.1271099e-05,10.831984,44.349915,NE
2006-03-18 21:00:00,-4.1023836,-3.897522,27.869812,28.796997,2.477481e-05,10.999495,43.53308,NE
2006-03-19 00:00:00,-3.51306,-2.7542827,27.118317,28.752563,3.7959544e-05,8.677382,38.096893,NE
2006-03-19 03:00:00,-3.2495341,-0.8792692,26.777222,28.752563,4.997477e-05,6.543725,15.140717,N
2006-03-19 06:00:00,-2.3790536,-0.8554031,26.339264,28.752563,4.7422945e-05,4.9143453,19.776367,N
2006-03-19 09:00:00,-3.7942173,-2.1750364,25.208832,28.752563,0.00041819317,8.501244,29.823517,NE
2006-03-19 12:00:00,-3.945018,-0.019013286,26.42572,28.752563,0.00020223833,7.668573,0.27615356,N
2006-03-19 15:00:00,-3.2681026,-1.7854629,27.976929,28.752563,2.1478627e-05,7.2389116,28.649109,NE
2006-03-19 18:00:00,-3.484738,-3.1510339,27.52829,28.752563,8.538249e-05,9.132411,42.121094,NE
2006-03-19 21:00:00,-3.9620864,-2.194237,27.026062,28.752563,3.466336e-05,8.803858,28.978058,NE
2006-03-20 00:00:00,-3.4851134,-0.7136422,26.578064,28.685455,1.2121629e-05,6.9150724,11.572418,N
2006-03-20 03:00:00,-4.01723,-0.3482936,25.714752,28.685455,5.2526826e-05,7.838147,4.955139,N
2006-03-20 06:00:00,-3.7771492,1.3079772,25.711823,28.685455,2.8070994e-05,7.76993,340.89972,N
2006-03-20 09:00:00,-3.7553918,1.0635741,25.139343,28.685455,0.00013376237,7.586994,344.18723,N
2006-03-20 12:00:00,-4.264063,0.58589345,27.372437,28.685455,2.1478627e-05,8.366533,352.1764,N
2006-03-20 15:00:00,-4.913969,-0.9040325,29.188873,28.685455,8.931849e-06,9.712271,10.424255,N
2006-03-20 18:00:00,-4.405673,-1.8940268,28.69345,28.685455,0.0003171803,9.32178,23.263184,NE
2006-03-20 21:00:00,-4.976803,-2.2563248,27.886871,28.685455,2.7752016e-05,10.6219015,24.388031,NE
2006-03-21 00:00:00,-5.217634,-0.7811132,26.96399,28.623932,2.6795082e-05,10.255271,8.514313,N
2006-03-21 03:00:00,-4.4339952,0.6503139,26.627808,28.623932,4.487112e-05,8.7111845,351.6562,N
2006-03-21 06:00:00,-4.086066,2.5674968,25.67694,28.623932,7.421803e-05,9.380508,327.85663,NW
2006-03-21 09:00:00,-4.782675,1.6656098,25.30185,28.623932,0.00023041572,9.844399,340.79886,N
2006-03-21 12:00:00,-5.869791,2.4558823,27.035248,28.623932,8.314964e-05,12.368354,337.2959,NW
2006-03-21 15:00:00,-5.6844788,1.0689574,29.054352,28.623932,7.1772374e-05,11.243391,349.35,N
2006-03-21 18:00:00,-6.144571,-2.179702,28.32196,28.623932,0.0021724137,12.673307,19.531433,N
2006-03-21 21:00:00,-6.550082,-0.5770851,27.128052,28.623932,0.0002802841,12.781632,5.0349426,N
2006-03-22 00:00:00,-6.858999,-0.040008247,26.353363,28.560425,0.0006793379,13.333023,0.334198,N
2006-03-22 03:00:00,-6.6840024,1.3417127,25.703735,28.560425,0.002569979,13.251813,348.6496,N
2006-03-22 06:00:00,-6.6157293,1.5475354,25.383484,28.560425,0.00068593025,13.207065,346.83423,N
2006-03-22 09:00:00,-6.486311,3.6113243,25.527557,28.560425,0.00013737753,14.430822,330.89264,NW
2006-03-22 12:00:00,-5.152737,1.5649415,26.706726,28.560425,0.00054887193,10.467853,343.1059,N
2006-03-22 15:00:00,-5.238078,-0.83727926,26.861694,28.560425,0.0022396138,10.311242,9.081604,N
2006-03-22 18:00:00,-6.1860223,0.40896136,27.682037,28.560425,0.00056864903,12.050886,356.21765,N
2006-03-22 21:00:00,-5.90374,0.6781278,27.111755,28.560425,5.465327e-05,11.551384,353.44748,N
2006-03-23 00:00:00,-6.284493,0.40250137,26.352173,28.492584,0.0005289882,12.241078,356.3354,N
2006-03-23 03:00:00,-6.0802364,1.7852991,26.07904,28.492584,1.2121629e-05,12.317961,343.63654,N
2006-03-23 06:00:00,-4.550847,2.0695388,25.281616,28.492584,0.0008946548,9.717878,335.5459,NW
2006-03-23 09:00:00,-2.6078806,3.5232172,24.951782,28.492584,0.00046338304,8.520607,306.5088,NW
2006-03-23 12:00:00,-4.5320907,2.0279078,26.735779,28.492584,0.0016609699,9.651367,335.89362,NW
2006-03-23 15:00:00,-4.3668475,-1.2957594,26.502869,28.492584,0.002073634,8.85426,16.527008,N
2006-03-23 18:00:00,-7.661019,0.49653018,26.707367,28.492584,0.00037959567,14.92304,356.2917,N
2006-03-23 21:00:00,-6.318817,0.9246843,26.029968,28.492584,0.00018969155,12.4135895,351.67453,N
2006-03-24 00:00:00,-5.165491,0.64834005,25.579468,28.41275,0.0009921587,10.11967,352.846,N
2006-03-24 03:00:00,-5.344239,1.7086763,25.010925,28.41275,0.003965338,10.906391,342.2697,N
2006-03-24 06:00:00,-4.6078663,1.7208786,24.93277,28.41275,0.0011696222,9.561214,339.5211,N
2006-03-24 09:00:00,-5.388879,2.3028164,25.057037,28.41275,0.0027912501,11.391462,336.86163,NW
2006-03-24 12:00:00,-5.623333,2.4436803,26.084167,28.41275,0.0009695105,11.918363,336.51212,NW
2006-03-24 15:00:00,-4.4272428,2.147597,27.719421,28.41275,0.00048518064,9.564928,334.1226,NW
2006-03-24 18:00:00,-4.4154263,-1.0904751,27.945984,28.41275,0.00017990917,8.84076,13.872711,N
2006-03-24 21:00:00,-3.9277623,-0.7588621,26.553802,28.41275,0.0003235601,7.776135,10.935089,N
2006-03-25 00:00:00,-4.446187,-0.37772244,26.250183,28.339508,6.698747e-05,8.673808,4.8558655,N
2006-03-25 03:00:00,-3.9377031,-0.18948537,25.411804,28.339508,0.0008073584,7.6631217,2.755005,N
2006-03-25 06:00:00,-4.3390884,0.42744413,25.184265,28.339508,0.00034004124,8.47532,354.37393,N
2006-03-25 09:00:00,-4.4769473,0.46799853,25.210815,28.339508,0.00034674,8.749888,354.03226,N
2006-03-25 12:00:00,-4.8620143,0.57620347,26.732605,28.339508,0.00027634995,9.517116,353.24133,N
2006-03-25 15:00:00,-5.765506,-1.8558049,26.5065,28.339508,0.0017629397,11.773489,17.842377,N
2006-03-25 18:00:00,-5.107722,-2.382833,27.52652,28.339508,1.1483673e-05,10.955865,25.009796,NE
2006-03-25 21:00:00,-5.067021,-1.5905864,26.573364,28.339508,0.00017725094,10.323358,17.427582,N
2006-03-26 00:00:00,-5.0925293,-0.6881611,25.602966,28.299438,0.0004174488,9.989034,7.6958313,N
2006-03-26 03:00:00,-4.1956024,-0.01578331,25.533112,28.299438,0.0003295145,8.155638,0.21554565,N
2006-03-26 06:00:00,-3.1758218,-0.18894702,25.512146,28.299438,0.00011260272,6.1842055,3.4048157,N
2006-03-26 09:00:00,-3.462043,0.4839691,24.92981,28.299438,0.0003324917,6.7950954,352.04202,N
2006-03-26 12:00:00,-4.4542522,-0.55734617,26.412048,28.299438,0.0003219652,8.725871,7.1321716,N
2006-03-26 15:00:00,-3.6374145,-2.7946575,26.59851,28.299438,0.00047688698,8.916463,37.5354,NE
2006-03-26 18:00:00,-4.544845,-3.7537875,26.927368,28.299438,0.00018182327,11.458198,39.55481,NE
2006-03-26 21:00:00,-5.3706856,-2.833597,26.171051,28.299438,0.0004900717,11.803693,27.816315,NE
2006-03-27 00:00:00,-3.8189757,-0.6581939,25.785034,28.302124,0.00015481561,7.532924,9.778748,N
2006-03-27 03:00:00,-3.1219912,0.39801526,25.94812,28.302124,5.5716606e-05,6.1177697,352.73468,N
2006-03-27 06:00:00,-2.8462734,0.7827438,25.331238,28.302124,0.00020340807,5.7381024,344.6234,N
2006-03-27 09:00:00,-2.7894416,1.3406361,24.99823,28.302124,0.00037651206,6.015954,334.33057,NW
2006-03-27 12:00:00,-2.9293637,0.6108362,26.720367,28.302124,0.00023775245,5.8166933,348.22137,N
2006-03-27 15:00:00,-3.2748551,-3.3349643,26.325378,28.302124,0.001318696,9.085588,45.521027,NE
2006-03-27 18:00:00,-3.253848,-3.6886492,26.96399,28.302124,2.9346906e-05,9.561175,48.58368,NE
2006-03-27 21:00:00,-3.570642,-2.4967802,26.73645,28.302124,3.742799e-05,8.469298,34.963257,NE
2006-03-28 00:00:00,-3.6567335,-0.9200031,26.514801,28.349976,8.070399e-05,7.329619,14.12204,N
2006-03-28 03:00:00,-3.6137817,0.0716061,25.800873,28.349976,5.4440694e-05,7.0259924,358.86484,N
2006-03-28 06:00:00,-3.7525783,1.1642424,25.330475,28.349976,0.00039862865,7.6374125,342.76343,N
2006-03-28 09:00:00,-3.3633847,1.5950881,25.151459,28.349976,2.6476104e-05,7.2358546,334.62732,NW
2006-03-28 12:00:00,-4.465131,1.7013192,27.042572,28.349976,0.00039480068,9.288196,339.142,N
2006-03-28 15:00:00,-6.0871763,-1.9823132,27.082916,28.349976,0.0006208569,12.444111,18.038055,N
2006-03-28 18:00:00,-5.1791835,-2.2459168,28.350708,28.349976,1.6162172e-05,10.973331,23.443634,NE
2006-03-28 21:00:00,-5.0833387,-2.1321492,27.477448,28.349976,3.934372e-06,10.715196,22.755066,NE
2006-03-29 00:00:00,-4.6166816,-1.553262,26.82901,28.452515,1.9458355e-05,9.46839,18.595276,N
2006-03-29 03:00:00,-3.384767,-0.6619622,25.717712,28.452515,0.0004021374,6.7040906,11.065735,N
2006-03-29 06:00:00,-3.2480335,0.44449133,24.902496,28.452515,0.0011729184,6.3725038,352.20752,N
2006-03-29 09:00:00,-2.9152966,0.74703443,25.119781,28.452515,0.0006034188,5.849962,345.6274,N
2006-03-29 12:00:00,-3.723131,-0.50279516,26.696655,28.452515,0.0002430689,7.3028665,7.69104,N
2006-03-29 15:00:00,-3.3750138,-2.9484413,26.897308,28.452515,0.00046348944,8.711358,41.140747,NE
2006-03-29 18:00:00,-3.1437483,-3.2479339,27.310669,28.452515,0.00025912467,8.78655,45.933838,NE
2006-03-29 21:00:00,-3.5269399,-3.6211782,25.975983,28.452515,0.00013812189,9.82596,45.75531,NE
2006-03-30 00:00:00,-3.648481,-1.3522844,25.392029,28.580719,0.0010446853,7.5635324,20.336884,N
2006-03-30 03:00:00,-2.6714644,-0.97616917,24.963257,28.580719,0.0013035971,5.5287223,20.072601,N
2006-03-30 06:00:00,-2.4572673,-0.23685867,24.427612,28.580719,0.00048603117,4.798673,5.5057983,N
2006-03-30 09:00:00,-2.2048073,0.43803132,24.423004,28.580719,0.0008202242,4.369555,348.7633,N
2006-03-30 12:00:00,-3.4712336,0.019208372,26.065826,28.580719,0.00028985366,6.7476263,359.68295,N
2006-03-30 15:00:00,-4.473008,-2.2866507,25.941772,28.580719,0.0010454296,9.765078,27.0766,NE
2006-03-30 18:00:00,-2.928801,-3.3371177,26.527039,28.580719,0.00014981814,8.630788,48.728394,NE
2006-03-30 21:00:00,-3.6903074,-2.1418393,26.493042,28.580719,0.00015949411,8.294036,30.130707,NE
2006-03-31 00:00:00,-2.7879412,-1.3451066,26.094666,28.701538,0.00035354495,6.0170965,25.756042,NE
2006-03-31 03:00:00,-2.5598645,-0.042520463,25.07901,28.701538,0.0012403312,4.9766536,0.95162964,N
2006-03-31 06:00:00,-3.6278489,-0.62912387,25.171997,28.701538,0.00093357125,7.1572084,9.838104,N
2006-03-31 09:00:00,-2.123405,1.4054155,24.589691,28.701538,0.00074483664,4.949752,326.50067,NW
2006-03-31 12:00:00,-3.3603837,0.0421772,26.556976,28.701538,0.00014194963,6.5325627,359.2809,N
2006-03-31 15:00:00,-3.273167,-2.3035185,28.121948,28.701538,0.00018065353,7.7801743,35.13629,NE
2006-03-31 18:00:00,-3.0135796,-3.4740338,27.6156,28.701538,0.00019617751,8.939672,49.059723,NE
2006-03-31 21:00:00,-3.309179,-3.2141984,26.988922,28.701538,6.900774e-05,8.967349,44.165833,NE
2006-04-01 00:00:00,-3.4344711,-2.4171069,26.747711,28.8031,8.719042e-06,8.163665,35.137054,NE
2006-04-01 03:00:00,-2.760557,-1.3881731,26.548248,28.8031,5.869381e-05,6.0063396,26.695984,NE
2006-04-01 06:00:00,-2.3696754,-0.2524703,25.386322,28.8031,0.00011674967,4.63234,6.081482,N
2006-04-01 09:00:00,-1.8308065,1.34261,25.067078,28.8031,0.00016013207,4.4131823,323.7458,NW
2006-04-01 12:00:00,-2.575807,0.99036086,26.9935,28.8031,0.00015268894,5.364293,338.96896,N
2006-04-01 15:00:00,-3.0570943,-0.8410476,28.085114,28.8031,2.8710347e-06,6.163287,15.382294,N
2006-04-01 18:00:00,-3.3320618,-2.7598455,27.756256,28.8031,0.0003496108,8.410199,39.63391,NE
2006-04-01 21:00:00,-3.8298542,-1.9029989,27.169586,28.8031,5.6354562e-05,8.312999,26.42212,NE
2006-04-02 00:00:00,-4.126204,0.5559262,26.38321,28.880493,8.548889e-05,8.093151,352.32672,N
2006-04-02 03:00:00,-3.271854,-0.1528787,25.744812,28.880493,3.0197669e-05,6.3669,2.675232,N
2006-04-02 06:00:00,-2.0975213,1.3316638,24.994507,28.880493,0.00013684598,4.829542,327.58957,NW
2006-04-02 09:00:00,-3.2495341,1.6555609,24.885437,28.880493,0.00012089638,7.0891166,333.00223,NW
2006-04-02 12:00:00,-2.3115308,1.3973405,27.484009,28.880493,2.1053245e-05,5.2504325,328.84668,NW
2006-04-02 15:00:00,-2.4666455,-1.0583546,28.894897,28.880493,6.6349516e-05,5.2174835,23.222534,NE
2006-04-02 18:00:00,-3.2223372,-3.0094523,27.437683,28.880493,0.00095005217,8.570606,43.043457,NE
2006-04-02 21:00:00,-2.8247037,-2.7702532,27.380066,28.880493,2.4987385e-05,7.690646,44.442413,NE
2006-04-03 00:00:00,-3.288547,-1.3458242,26.97699,28.925934,8.1235776e-05,6.907004,22.256622,N
2006-04-03 03:00:00,-3.9907835,-1.3085,25.312897,28.925934,0.0004007551,8.163787,18.15332,N
2006-04-03 06:00:00,-2.7132912,0.52685624,25.35321,28.925934,7.645087e-05,5.3727145,349.0113,N
2006-04-03 09:00:00,-3.3356254,0.9151737,24.973083,28.925934,0.0006205379,6.723534,344.65765,N
2006-04-03 12:00:00,-2.4957178,2.8133354,26.748474,28.925934,0.00012865849,7.3103538,311.57632,NW
2006-04-03 15:00:00,-4.5167103,-2.0018728,28.361755,28.925934,0.00013269903,9.603468,23.903625,NE
2006-04-03 18:00:00,-3.9860945,-1.1421552,27.775513,28.925934,7.62383e-05,8.060134,15.988861,N
2006-04-03 21:00:00,-3.6394777,-2.3157208,27.534302,28.925934,1.8607825e-05,8.3852215,32.467712,NE
2006-04-04 00:00:00,-3.8938134,-1.2074728,27.414185,28.920807,0.00017533707,7.9245214,17.228668,N
2006-04-04 03:00:00,-3.3858924,-0.09832764,26.219604,28.920807,0.00010388391,6.584408,1.6634216,N
2006-04-04 06:00:00,-2.75493,0.33018532,25.462524,28.920807,0.0002307347,5.393468,353.16556,N
2006-04-04 09:00:00,-3.8752446,-0.84876364,25.166656,28.920807,0.00034004124,7.711417,12.353943,N
2006-04-04 12:00:00,-5.374249,-2.4020336,26.868805,28.920807,0.0003355753,11.442652,24.082367,NE
2006-04-04 15:00:00,-4.485575,-2.3250518,27.061707,28.920807,0.00017193449,9.820962,27.399506,NE
2006-04-04 18:00:00,-4.551785,-2.9080663,26.964539,28.920807,0.00023307395,10.499543,32.573883,NE
2006-04-04 21:00:00,-3.4485385,-2.008512,25.64154,28.920807,0.00012036483,7.75749,30.21756,NE
2006-04-05 00:00:00,-3.1448739,-1.1888106,25.691803,28.864868,0.00040777284,6.5353227,20.707367,N
2006-04-05 03:00:00,-2.6219478,-0.05956769,25.72406,28.864868,0.00022520544,5.097962,1.3014832,N
2006-04-05 06:00:00,-3.4417863,1.0386314,24.975494,28.864868,0.0020018616,6.988273,343.2077,N
2006-04-05 09:00:00,-3.9345145,1.8326724,25.061401,28.864868,0.00052516046,8.437047,335.0242,NW
2006-04-05 12:00:00,-3.8259156,1.39429,25.964508,28.864868,0.0011916324,7.9154334,339.9766,N
2006-04-05 15:00:00,-3.9842188,-0.17082316,27.180603,28.864868,0.00030303863,7.751799,2.4550476,N
2006-04-05 18:00:00,-4.1702814,-1.9424765,27.6073,28.864868,0.0004303148,8.942607,24.975647,NE
2006-04-05 21:00:00,-4.313205,-0.8100037,26.955475,28.864868,5.231402e-05,8.530744,10.636047,N
2006-04-06 00:00:00,-4.382978,1.0052547,25.85028,28.775269,0.00017406116,8.741021,347.08237,N
2006-04-06 03:00:00,-2.9010417,2.7060277,25.818054,28.775269,1.6800128e-05,7.711591,316.99194,NW
2006-04-06 06:00:00,-3.435409,2.5788019,24.982819,28.775269,0.0006386137,8.349977,323.10614,NW
2006-04-06 09:00:00,-3.9860945,1.6831954,25.097351,28.775269,0.0014169442,8.410809,337.10727,NW
2006-04-06 12:00:00,-4.7031484,2.3864374,26.474792,28.775269,0.00018501305,10.25174,333.0962,NW
2006-04-06 15:00:00,-5.0717096,-0.37467188,26.176422,28.775269,0.001515724,9.885457,4.2250366,N
2006-04-06 18:00:00,-5.5175476,-2.0309427,27.838226,28.775269,1.0739313e-05,11.428731,20.208038,N
2006-04-06 21:00:00,-5.3301716,0.23902762,26.689117,28.775269,1.6055768e-05,10.371413,357.43234,N
2006-04-07 00:00:00,-5.194564,0.35028306,26.773376,28.671051,1.9458355e-05,10.120333,356.14224,N
2006-04-07 03:00:00,-4.043864,0.87120986,26.378845,28.671051,6.22028e-05,8.040978,347.84204,N
2006-04-07 06:00:00,-3.946706,1.0856458,25.631714,28.671051,0.00022073975,7.9567227,344.6197,N
2006-04-07 09:00:00,-4.9807415,2.217042,25.231567,28.671051,0.00027305377,10.597594,336.00507,NW
2006-04-07 12:00:00,-4.6378765,1.2663462,27.038757,28.671051,0.0011296424,9.345309,344.72797,N
2006-04-07 15:00:00,-5.8519726,-0.9013409,27.186401,28.671051,0.00026880042,11.509437,8.756073,N
2006-04-07 18:00:00,-6.4082847,-1.932966,26.98816,28.671051,0.00035024877,13.011024,16.785187,N
2006-04-07 21:00:00,-5.5933228,-0.055261016,26.669342,28.671051,0.00015758001,10.8730545,0.56604004,N
2006-04-08 00:00:00,-5.0379486,-0.7186666,25.794556,28.568268,0.0009451611,9.892104,8.1185,N
2006-04-08 03:00:00,-4.817187,0.56166846,25.54895,28.568268,0.0010819007,9.427276,353.34952,N
2006-04-08 06:00:00,-3.3828914,1.8283658,25.100983,28.568268,0.00064914045,7.474786,331.60992,NW
2006-04-08 09:00:00,-3.5704546,2.4867468,24.82489,28.568268,0.00095568784,8.45784,325.14362,NW
2006-04-08 12:00:00,-3.9780293,1.3442249,25.958374,28.568268,0.0007099607,8.162197,341.32925,N
2006-04-08 15:00:00,-3.8009696,0.47284353,27.851685,28.568268,0.0002564662,7.4454274,352.90878,N
2006-04-08 18:00:00,-3.9189467,-2.411185,27.220062,28.568268,3.5088742e-05,8.94419,31.602478,NE
2006-04-08 21:00:00,-3.9039419,-1.9347606,27.423462,28.568268,8.942303e-05,8.469447,26.36261,NE
2006-04-09 00:00:00,-3.0775385,-1.3562322,27.07898,28.502838,4.6891393e-05,6.537377,23.78247,NE
2006-04-09 03:00:00,-2.5551753,-1.5683353,25.246002,28.502838,0.000769824,5.827824,31.541077,NE
2006-04-09 06:00:00,-1.2420459,-0.15377593,25.06314,28.502838,0.00010664831,2.4327724,7.0578003,N
2006-04-09 09:00:00,-0.7851422,1.1523991,25.206665,28.502838,4.2000087e-05,2.7105744,304.26703,NW
2006-04-09 12:00:00,1.689378,0.5358285,26.776764,28.502838,3.0091265e-05,3.4451022,197.59775,S
2006-04-09 15:00:00,1.9969819,-2.194237,28.160309,28.502838,3.8703904e-05,5.767217,132.30542,SE
2006-04-09 18:00:00,2.160537,-4.464028,28.07605,28.502838,0.00017161551,9.6402445,115.826416,SE
2006-04-09 21:00:00,-0.32730055,-3.964096,26.037933,28.502838,0.0013654807,7.731789,85.28,E
2006-04-10 00:00:00,0.2556455,-2.757692,25.731598,28.487946,8.889148e-05,5.3834963,95.296326,E
2006-04-10 03:00:00,-1.535207,-1.7804384,25.68985,28.487946,0.00014513964,4.569811,49.23001,NE
2006-04-10 06:00:00,-0.20032024,-0.45290965,24.711761,28.487946,0.00015832437,0.962653,66.14038,NE
2006-04-10 09:00:00,-1.7293348,-0.070693254,24.522156,28.487946,0.0006059706,3.364358,2.3408813,N
2006-04-10 12:00:00,-1.0657365,-1.264895,26.107788,28.487946,0.00017959019,3.2151334,49.884216,NE
2006-04-10 15:00:00,-1.1780868,-2.9755373,25.92514,28.487946,0.0013217796,6.2208076,68.40021,E
2006-04-10 18:00:00,-2.5206637,-2.0321987,26.482544,28.487946,3.902288e-05,6.2938337,38.876312,NE
2006-04-10 21:00:00,-2.7470524,-2.4686072,26.663422,28.487946,0.00016438519,7.179146,41.94409,NE
2006-04-11 00:00:00,-2.4047499,-0.5944912,26.349213,28.506714,0.000108030625,4.8151717,13.885986,N
2006-04-11 03:00:00,-1.7507172,-0.775371,25.87738,28.506714,5.1676063e-05,3.7219388,23.88797,NE
2006-04-11 06:00:00,-2.2717674,-0.8886003,25.064789,28.506714,0.0001656611,4.7417493,21.362915,N
2006-04-11 09:00:00,-3.4567914,0.08721775,24.713318,28.506714,0.00070432527,6.7215877,358.5547,N
2006-04-11 12:00:00,-4.1740327,-0.4245574,26.323425,28.506714,0.00069241645,8.155514,5.8078003,N
2006-04-11 15:00:00,-3.4074621,-2.222948,26.401245,28.506714,0.003992984,7.9084187,33.119476,NE
2006-04-11 18:00:00,-2.6405165,-3.6044898,27.1698,28.506714,9.7397715e-05,8.685436,53.77487,NE
2006-04-11 21:00:00,-2.3841176,-3.2141984,26.795776,28.506714,0.00010611676,7.779025,53.43399,NE
2006-04-12 00:00:00,-2.0309362,-1.9422972,26.30243,28.544586,3.7853373e-05,5.4625783,43.721985,NE
2006-04-12 03:00:00,-2.0363758,-1.4003754,25.995209,28.544586,0.00013588881,4.80403,34.515533,NE
2006-04-12 06:00:00,-1.3159456,-0.15736485,25.215515,28.544586,6.252178e-05,2.5762126,6.819214,N
2006-04-12 09:00:00,-0.7900188,0.38312137,25.174408,28.544586,5.826843e-05,1.7067221,334.12885,NW
2006-04-12 12:00:00,-1.891577,-0.26431364,26.44516,28.544586,6.20964e-05,3.7126453,7.954529,N
2006-04-12 15:00:00,-1.6509335,-1.6284492,27.819,28.544586,2.3817876e-05,4.5076256,44.607178,NE
2006-04-12 18:00:00,-1.6415553,-3.760068,27.510345,28.544586,4.1149557e-05,7.9751506,66.41507,NE
2006-04-12 21:00:00,-0.9952128,-2.4921145,27.099945,28.544586,4.4659246e-06,5.2162623,68.23096,E
2006-04-13 00:00:00,-1.3037541,-0.59090227,26.587036,28.58142,6.698747e-05,2.782436,24.38153,NE
2006-04-13 03:00:00,-0.8579166,0.6352406,26.147339,28.58142,5.84824e-06,2.0750449,323.48206,NW
2006-04-13 06:00:00,-0.44752836,2.25975,25.274078,28.58142,3.1898962e-05,4.4779053,281.2021,W
2006-04-13 09:00:00,-1.2095973,2.0670266,24.98108,28.58142,3.85975e-05,4.655375,300.33563,NW
2006-04-13 12:00:00,-1.8058605,0.65354395,26.67984,28.58142,7.8896526e-05,3.7331104,340.10474,N
2006-04-13 15:00:00,-1.08318,-1.0176208,28.40863,28.58142,2.0308886e-05,2.8889613,43.212555,NE
2006-04-13 18:00:00,-0.81102586,-3.4706244,27.742065,28.58142,0.00031494745,6.928091,76.846985,E
2006-04-13 21:00:00,-2.1091502,-1.5652847,27.062134,28.58142,1.8182443e-05,5.105543,36.580597,NE
2006-04-14 00:00:00,-2.2425075,-0.92843693,26.18277,28.596313,0.0004968769,4.717902,22.490387,N
2006-04-14 03:00:00,-2.159042,-1.0700185,25.492798,28.596313,0.000582153,4.683969,26.362946,NE
2006-04-14 06:00:00,-1.8503132,1.5310266,25.221832,28.596313,2.0946842e-05,4.668334,320.39423,NW
2006-04-14 09:00:00,-1.7467782,1.7452831,25.161285,28.596313,3.4025405e-05,4.799847,315.02454,NW
2006-04-14 12:00:00,-2.9657512,0.74021554,27.068817,28.596313,4.6253437e-05,5.941795,345.986,N
2006-04-14 15:00:00,-2.7622452,-0.9442281,28.525574,28.596313,4.402036e-05,5.674403,18.872162,N
2006-04-14 18:00:00,-3.1240544,-2.5942183,28.083374,28.596313,0.0007766292,7.8934474,39.70627,NE
2006-04-14 21:00:00,-2.7976944,-1.2909145,27.55243,28.596313,1.5843194e-05,5.9892845,24.769592,NE
2006-04-15 00:00:00,-3.8574262,-1.1784029,26.529205,28.593384,0.00032738806,7.840297,16.987366,N
2006-04-15 03:00:00,-3.008328,-0.9695297,26.1232,28.593384,0.00013971678,6.143895,17.86319,N
2006-04-15 06:00:00,-3.5740182,1.1583207,25.733337,28.593384,0.00053015794,7.303075,342.04276,N
2006-04-15 09:00:00,-3.137934,1.4759371,25.436707,28.593384,7.049646e-05,6.7406754,334.8099,NW
2006-04-15 12:00:00,-4.718716,0.70630056,27.248932,28.593384,0.00012195972,9.274611,351.48712,N
2006-04-15 15:00:00,-5.183685,-0.87083536,27.156677,28.593384,0.00043765153,10.217453,9.536377,N
2006-04-15 18:00:00,-4.46288,-2.754462,27.699097,28.593384,0.00020532194,10.194391,31.682617,NE
2006-04-15 21:00:00,-4.5583496,-0.8500199,27.25351,28.593384,5.4972246e-05,9.013443,10.562927,N
2006-04-16 00:00:00,-4.1646547,0.34992418,25.771912,28.59436,0.000921875,8.123948,355.19714,N
2006-04-16 03:00:00,-4.5861087,-0.5670362,25.45935,28.59436,0.0016449142,8.982544,7.048401,N
2006-04-16 06:00:00,-3.0874796,1.2238178,25.506775,28.59436,3.5301317e-05,6.455849,338.37756,N
2006-04-16 09:00:00,-3.1163642,2.250957,25.10437,28.59436,0.001596109,7.4726768,324.15933,NW
2006-04-16 12:00:00,-4.2663136,1.3494289,25.918365,28.59436,0.0008641381,8.697981,342.4479,N
2006-04-16 15:00:00,-3.2322783,-0.3473963,27.166626,28.59436,0.00019639032,6.3192167,6.13443,N
2006-04-16 18:00:00,-3.9667754,-2.2715774,26.931305,28.59436,0.0003405728,8.885575,29.797638,NE
2006-04-16 21:00:00,-4.7913027,0.2293376,25.733002,28.59436,0.0021337098,9.324189,357.2596,N
2006-04-17 00:00:00,-3.0246458,1.7897851,25.450043,28.620514,0.0010319259,6.8316545,329.38577,NW
2006-04-17 03:00:00,-1.7921686,1.2134101,25.125122,28.620514,0.0010722247,4.20707,325.89954,NW
2006-04-17 06:00:00,-0.9989641,1.9511056,25.085876,28.620514,0.00092559657,4.2608433,297.1124,NW
2006-04-17 09:00:00,-1.5245159,1.7345164,25.08075,28.620514,0.0014944582,4.4888377,311.31317,NW
2006-04-17 12:00:00,-1.3168836,1.6577141,25.799469,28.620514,0.001274144,4.115343,308.46353,NW
2006-04-17 15:00:00,-1.5016332,2.2850513,26.308228,28.620514,0.00080863433,5.3150296,303.31113,NW
2006-04-17 18:00:00,-0.24871159,1.6306181,26.254028,28.620514,0.0010972121,3.2063186,278.67224,W
2006-04-17 21:00:00,-0.072589874,-0.107299864,26.000885,28.620514,0.00080969767,0.2518196,55.92108,NE
2006-04-18 00:00:00,-2.9713778,-0.52594346,25.902191,28.692749,0.00024243095,5.865665,10.037567,N
2006-04-18 03:00:00,-1.1315713,0.3515392,25.477173,28.692749,7.124152e-06,2.3032932,342.74182,N
2006-04-18 06:00:00,-0.2078228,0.9386809,25.157135,28.692749,0.00021818769,1.8688302,282.48386,W
2006-04-18 09:00:00,-1.2803087,0.8367566,24.93637,28.692749,0.0012420325,2.9730918,326.83304,NW
2006-04-18 12:00:00,-2.2004933,0.57010233,25.845154,28.692749,0.0009814193,4.4186296,345.47522,N
2006-04-18 15:00:00,-2.296338,-0.52702004,26.141022,28.692749,0.001150802,4.5797625,12.925812,N
2006-04-18 18:00:00,-2.2001183,-0.7452243,26.166351,28.692749,0.0004931553,4.5153527,18.71228,N
2006-04-18 21:00:00,-2.1491013,-0.43658012,26.045807,28.692749,0.00029368163,4.262837,11.483124,N
2006-04-19 00:00:00,-1.7302728,-1.1064458,25.90274,28.772858,0.0005662036,3.9922454,32.597412,NE
2006-04-19 03:00:00,-0.55087566,-0.42653126,25.848541,28.772858,0.00043265405,1.3542762,37.749847,NE
2006-04-19 06:00:00,-2.0020518,2.0004528,24.994293,28.772858,0.00058842637,5.5014534,315.0229,NW
2006-04-19 09:00:00,-2.7545547,0.42547023,24.314606,28.772858,0.00050389464,5.41791,351.21945,N
2006-04-19 12:00:00,-2.454454,0.80786604,26.309204,28.772858,0.00021510432,5.022858,341.7814,N
2006-04-19 15:00:00,-2.803884,-1.20191,26.523102,28.772858,0.0007910901,5.92994,23.20282,NE
2006-04-19 18:00:00,-2.8057597,-2.6936305,27.049683,28.772858,0.00047380337,7.5604963,43.83194,NE
2006-04-19 21:00:00,-3.7463887,-0.9422541,27.087616,28.772858,0.00013046619,7.5091805,14.117645,N
2006-04-20 00:00:00,-2.9160466,0.8003293,25.779236,28.818756,0.0006915657,5.87794,344.65268,N
2006-04-20 03:00:00,-3.4524775,0.9379631,25.383942,28.818756,0.00034929183,6.954324,344.80084,N
2006-04-20 06:00:00,-3.279169,2.0234218,25.099762,28.818756,0.00033514993,7.490013,328.3232,NW
2006-04-20 09:00:00,-3.6068418,2.4564207,25.157135,28.818756,0.00019437005,8.482654,325.74338,NW
2006-04-20 12:00:00,-3.6640484,1.7180076,26.754578,28.818756,6.20964e-05,7.866382,334.87897,NW
2006-04-20 15:00:00,-3.9611485,-0.39907628,27.995056,28.818756,9.31446e-05,7.738817,5.7529907,N
2006-04-20 18:00:00,-2.9398673,-2.7754571,27.362244,28.818756,0.00042276527,7.8589773,43.352234,NE
2006-04-20 21:00:00,-3.004389,-1.950731,27.276031,28.818756,6.68813e-05,6.963101,32.995422,NE
2006-04-21 00:00:00,-3.9281373,0.35387197,26.017944,28.852936,0.0012281034,7.6665916,354.85233,N
2006-04-21 03:00:00,-2.7644958,0.2523065,25.481323,28.852936,0.00038788933,5.3960724,354.78525,N
2006-04-21 06:00:00,-2.245321,0.9882076,24.676697,28.852936,0.002155401,4.7685614,336.2448,NW
2006-04-21 09:00:00,-2.737299,1.95613,24.364105,28.852936,0.0015246558,6.539873,324.44962,NW
2006-04-21 12:00:00,-1.9964248,1.4465083,26.172699,28.852936,3.5726698e-05,4.792304,324.07483,NW
2006-04-21 15:00:00,-0.72193336,-0.9797581,27.284546,28.852936,3.657746e-05,2.365673,53.615417,NE
2006-04-21 18:00:00,-1.7362747,-2.8228304,26.937653,28.852936,0.00029304367,6.442011,58.40503,NE
2006-04-21 21:00:00,-3.481362,-3.0268586,26.550964,28.852936,0.0019425298,8.967352,41.00522,NE
2006-04-22 00:00:00,-1.9011426,-1.80251,25.432007,28.893951,0.00039735273,5.0924845,43.474487,NE
2006-04-22 03:00:00,-1.5689683,-0.29033303,24.978882,28.893951,0.0008799813,3.1016006,10.483826,N
2006-04-22 06:00:00,-2.7851276,1.4980087,24.691345,28.893951,9.240024e-05,6.147259,331.72598,NW
2006-04-22 09:00:00,-3.0724745,1.7912207,24.680511,28.893951,0.0007672722,6.913234,329.75827,NW
2006-04-22 12:00:00,-1.4712479,2.1506476,26.595337,28.893951,0.00017289142,5.065132,304.37585,NW
2006-04-22 15:00:00,-0.2850988,1.6044192,28.519684,28.893951,2.201018e-05,3.1675901,280.07605,W
2006-04-22 18:00:00,-0.40532684,-1.0759401,28.690063,28.893951,1.7757062e-05,2.23494,69.357666,E
2006-04-22 21:00:00,-1.7989209,-1.745985,26.515778,28.893951,0.0001392914,4.8730254,44.14447,NE
2006-04-23 00:00:00,-1.940531,-1.2112412,25.575836,28.963287,0.0018575727,4.446581,31.971588,NE
2006-04-23 03:00:00,-2.198618,-0.14713651,25.501648,28.963287,0.00022967136,4.283321,3.8286438,N
2006-04-23 06:00:00,-1.3052547,1.6663275,25.233978,28.963287,5.7524303e-05,4.1144886,308.07202,NW
2006-04-23 09:00:00,-1.940531,0.9905403,24.95987,28.963287,0.00013493188,4.2350874,332.95804,NW
2006-04-23 12:00:00,-3.1962662,1.3311255,26.659058,28.963287,6.5605156e-05,6.7302957,337.3901,NW
2006-04-23 15:00:00,-2.2145605,0.25661314,28.05069,28.963287,0.00017108396,4.333555,353.39032,N
2006-04-23 18:00:00,-4.190163,-0.86168367,28.03189,28.963287,0.0002305219,8.315448,11.620544,N
2006-04-23 21:00:00,-3.9378908,0.86295545,27.731903,28.963287,0.0003698133,7.8362737,347.6395,N
2006-04-24 00:00:00,-4.032798,0.64259785,26.196411,29.022858,0.0010045993,7.938008,350.94644,N
2006-04-24 03:00:00,-3.599902,0.47248465,26.16452,29.022858,0.0002259498,7.057648,352.5227,N
2006-04-24 06:00:00,-2.4869022,1.1340958,25.34851,29.022858,0.00063957064,5.3130717,335.48572,NW
2006-04-24 09:00:00,-2.9993248,2.611999,25.1391,29.022858,0.0005556769,7.7311306,318.9486,NW
2006-04-24 12:00:00,-3.598214,2.4329135,27.403473,29.022858,2.477481e-05,8.443118,325.9356,NW
2006-04-24 15:00:00,-4.3475285,-1.3006043,26.494232,29.022858,0.0019159475,8.82096,16.65506,N
2006-04-24 18:00:00,-5.228513,-0.44591123,27.135681,29.022858,0.00019915495,10.200287,4.874634,N
2006-04-24 21:00:00,-4.7249055,0.1595338,26.953064,29.022858,0.00069847726,9.189694,358.06616,N
2006-04-25 00:00:00,-4.977178,1.450815,25.649078,29.038696,0.0010995513,10.077488,343.74893,N
2006-04-25 03:00:00,-3.6027155,1.1170485,25.519897,29.038696,0.0008542496,7.332003,342.77356,N
2006-04-25 06:00:00,-4.4737587,2.0076306,25.154205,29.038696,0.0007205936,9.531775,335.8315,NW
2006-04-25 09:00:00,-4.793366,1.3801138,25.088074,29.038696,0.00018639537,9.696054,343.93774,N
2006-04-25 12:00:00,-5.329984,2.0349061,27.043335,29.038696,6.02887e-05,11.090042,339.1039,N
2006-04-25 15:00:00,-4.517461,0.5058613,28.44809,29.038696,4.6359608e-05,8.836104,353.6107,N
2006-04-25 18:00:00,-4.216797,-2.495524,27.360718,29.038696,0.0008306445,9.524621,30.61728,NE
2006-04-25 21:00:00,-2.7928178,-1.2160861,27.207397,29.038696,3.8810307e-05,5.921122,23.529907,NE
2006-04-26 00:00:00,-2.6682758,-1.3330839,26.710114,29.02893,7.1453396e-05,5.797992,26.546936,NE
2006-04-26 03:00:00,-2.2233763,0.12795156,25.98648,29.02893,0.00018384331,4.3290386,356.70636,N
2006-04-26 06:00:00,-1.6539345,2.1913815,25.40982,29.02893,0.00016066362,5.336771,307.04352,NW
2006-04-26 09:00:00,-1.02391,2.292588,25.004578,29.02893,8.304324e-05,4.880685,294.06638,NW
2006-04-26 12:00:00,-2.5221643,1.8888385,26.810974,29.02893,7.6982426e-05,6.1251087,323.17062,NW
2006-04-26 15:00:00,-3.011329,-0.82453877,28.152985,29.02893,0.00016470416,6.0690055,15.312958,N
2006-04-26 18:00:00,-1.3860943,-2.221333,27.499634,29.02893,8.251169e-05,5.089587,58.036163,NE
2006-04-26 21:00:00,-2.5996277,-1.5502114,27.38861,29.02893,0.0012753136,5.8835187,30.808502,NE
2006-04-27 00:00:00,-1.8563151,1.4716305,25.692566,29.015778,0.0009512219,4.6047277,321.5937,NW
2006-04-27 03:00:00,0.70767283,0.6675406,25.63324,29.015778,2.5520567e-06,1.891039,223.32845,SW
2006-04-27 06:00:00,-1.4678719,1.4737837,24.993317,29.015778,0.0004179806,4.043321,314.88486,NW
2006-04-27 09:00:00,-1.2970018,1.6970124,25.37323,29.015778,8.400064e-06,4.151846,307.39014,NW
2006-04-27 12:00:00,0.5253613,0.38222414,26.62268,29.015778,0.00017352938,1.2628974,216.0376,SW
2006-04-27 15:00:00,1.117686,-2.0513992,26.409119,29.015778,0.001281268,4.541045,118.58334,SE
2006-04-27 18:00:00,0.56174874,-3.4611135,26.788025,29.015778,0.00022945879,6.815888,99.21887,E
2006-04-27 21:00:00,-0.7767017,-2.7013466,26.70279,29.015778,0.000151732,5.4637256,73.9588,E
2006-04-28 00:00:00,-1.5787218,-0.8421243,26.00528,29.018219,0.00065711513,3.478081,28.076416,NE
2006-04-28 03:00:00,-0.8108382,0.78041106,25.279022,29.018219,0.0012075817,2.1875758,316.09546,NW
2006-04-28 06:00:00,-0.5264926,1.7504869,24.660828,29.018219,0.0015545343,3.553241,286.7397,W
2006-04-28 09:00:00,-1.6162343,0.31475312,24.467712,29.018219,0.00012642564,3.200722,348.9799,N
2006-04-28 12:00:00,-3.9339519,0.9639826,26.348572,29.018219,0.0006174543,7.8732095,346.23145,N
2006-04-28 15:00:00,-1.6049805,0.29178423,27.638763,29.018219,0.00078183925,3.1709628,349.6962,N
2006-04-28 18:00:00,-2.253574,-1.7861807,28.2789,29.018219,0.0001346129,5.5896935,38.4003,NE
2006-04-28 21:00:00,-3.7645824,-0.4572162,27.109558,29.018219,1.4887191e-06,7.3715186,6.924774,N
2006-04-29 00:00:00,-3.369762,0.1353088,26.97525,29.032623,2.7645612e-05,6.5555563,357.7006,N
2006-04-29 03:00:00,-2.4154408,1.6255937,26.364197,29.032623,8.474453e-05,5.6595163,326.05942,NW
2006-04-29 06:00:00,-2.4276323,0.54587734,25.800232,29.032623,6.20964e-05,4.836757,347.32724,N
2006-04-29 09:00:00,-1.8364334,1.225074,25.291138,29.032623,0.00023594475,4.2911315,326.29297,NW
2006-04-29 12:00:00,-2.962375,0.70002,27.149017,29.032623,0.00011462299,5.9169717,346.70468,N
2006-04-29 15:00:00,-3.8932507,-1.6786935,27.487732,29.032623,0.00011653709,8.24138,23.324768,NE
2006-04-29 18:00:00,-4.1239533,-2.2193592,27.333832,29.032623,4.125596e-05,9.10343,28.287506,NE
2006-04-29 21:00:00,-3.053718,-0.82687145,26.66977,29.032623,0.00034216768,6.1497,15.15097,N
2006-04-30 00:00:00,-3.1328697,1.254144,26.191498,29.041412,9.2293834e-05,6.559632,338.1829,N
2006-04-30 03:00:00,-2.0577579,1.6223637,25.524597,29.041412,0.00018001557,5.093614,321.74728,NW
2006-04-30 06:00:00,-1.8088617,1.6347454,25.05243,29.041412,6.6668494e-05,4.7392926,317.89453,NW
2006-04-30 09:00:00,-2.131095,1.3860356,24.847504,29.041412,9.31446e-05,4.941584,326.96057,NW
2006-04-30 12:00:00,-0.9430702,2.0742044,26.066803,29.041412,0.00085201673,4.429101,294.44968,NW
2006-04-30 15:00:00,-0.2789092,2.7069252,26.866608,29.041412,0.00094122696,5.289686,275.88275,W
2006-04-30 18:00:00,-0.7830789,2.1969442,26.378296,29.041412,0.0020786314,4.533682,289.6181,W
2006-04-30 21:00:00,-2.6964102,1.5082371,25.904938,29.041412,0.001270635,6.0056186,330.77954,NW
2006-05-01 00:00:00,-3.2510345,1.025532,25.888855,29.042633,0.0017625144,6.6264534,342.49222,N
2006-05-01 03:00:00,-2.78419,0.86080205,25.631042,29.042633,0.0016741548,5.664783,342.8197,N
2006-05-01 06:00:00,-3.6760526,1.7996547,24.848816,29.042633,0.0018392841,7.956012,333.9154,NW
2006-05-01 09:00:00,-3.4498515,2.6990294,24.781403,29.042633,0.0021242467,8.514426,321.96176,NW
2006-05-01 12:00:00,-3.9146328,1.7747118,26.33905,29.042633,0.00067848735,8.354884,335.61267,NW
2006-05-01 15:00:00,-4.4165516,0.07896328,26.81897,29.042633,0.00045094267,8.586442,358.9757,N
2006-05-01 18:00:00,-4.980179,-0.6246378,27.452087,29.042633,0.00016917009,9.756518,7.148987,N
2006-05-01 21:00:00,-5.002499,-0.42778736,27.32367,29.042633,4.572328e-06,9.759548,4.8877563,N
2006-05-02 00:00:00,-5.36187,0.8216832,27.134705,29.032623,1.6800128e-05,10.544291,351.28745,N
2006-05-02 03:00:00,-3.8082845,2.4503195,26.482544,29.032623,2.5520567e-06,8.802633,327.24203,NW
2006-05-02 06:00:00,-2.7451768,3.7916658,25.81903,29.032623,0.0,9.099315,305.90466,NW
2006-05-02 09:00:00,-2.7138538,3.5151422,25.440552,29.032623,0.0,8.632319,307.66983,NW
2006-05-02 12:00:00,-4.301763,2.2550843,27.584137,29.032623,3.402587e-06,9.441255,332.33542,NW
2006-05-02 15:00:00,-6.2659245,1.2988256,28.786804,29.032623,0.00025200052,12.438869,348.28934,N
2006-05-02 18:00:00,-5.3721857,0.57674176,28.041199,29.032623,3.891671e-05,10.502676,353.87238,N
2006-05-02 21:00:00,-5.5711904,0.059403896,28.006226,29.032623,2.8389972e-05,10.830118,359.3891,N
2006-05-03 00:00:00,-6.9261465,0.19739655,26.888794,29.011139,1.7012935e-06,13.468787,358.3675,N
2006-05-03 03:00:00,-6.7766585,1.0763147,26.63272,29.011139,1.7012935e-06,13.3378525,350.97528,N
2006-05-03 06:00:00,-5.127041,2.668524,25.987457,29.011139,2.9772054e-06,11.235256,332.5039,NW
2006-05-03 09:00:00,-5.4772215,1.7910414,25.925903,29.011139,0.00039735273,11.2016115,341.89236,N
2006-05-03 12:00:00,-7.56161,1.9475167,27.683258,29.011139,0.00014460785,15.178238,345.5572,N
2006-05-03 15:00:00,-7.06982,-0.28136086,28.769958,29.011139,9.537744e-05,13.753477,2.2790222,N
2006-05-03 18:00:00,-7.0081115,-1.1200836,28.035278,29.011139,0.00013248646,13.795543,9.080597,N
2006-05-03 21:00:00,-4.951482,0.6775895,27.799652,29.011139,6.230897e-05,9.714592,352.2077,N
2006-05-04 00:00:00,-5.1019077,0.5370846,26.605408,28.984985,0.00047252746,9.972094,353.99054,N
2006-05-04 03:00:00,-4.924848,2.784086,26.636322,28.984985,0.000161089,10.996924,330.51993,NW
2006-05-04 06:00:00,-3.687869,2.0761783,26.094666,28.984985,2.5520567e-06,8.226577,330.62158,NW
2006-05-04 09:00:00,-3.8908124,0.32677588,25.67694,28.984985,0.00035163108,7.589744,355.1992,N
2006-05-04 12:00:00,-5.4676557,0.41057634,26.799713,28.984985,0.00021808152,10.658171,355.70563,N
2006-05-04 15:00:00,-5.3074765,-0.27328587,28.660004,28.984985,5.0506555e-05,10.330553,2.9476013,N
2006-05-04 18:00:00,-6.3216305,-1.6216302,27.85321,28.984985,0.00025721057,12.686099,14.387329,N
2006-05-04 21:00:00,-5.7626925,1.025532,26.578064,28.984985,3.9448263e-05,11.377749,349.90924,N
2006-05-05 00:00:00,-4.384666,2.5488346,26.273376,28.963287,4.444574e-05,9.858518,329.8303,NW
2006-05-05 03:00:00,-5.1035957,2.0164232,26.26944,28.963287,0.0002974032,10.6668215,338.4411,N
2006-05-05 06:00:00,-3.4256558,2.548655,25.839783,28.963287,0.0003500362,8.29971,323.3511,NW
2006-05-05 09:00:00,-4.584796,2.038854,25.541199,28.963287,0.00018044095,9.753599,336.02533,NW
2006-05-05 12:00:00,-5.3097277,2.7822917,26.73404,28.963287,0.00022945879,11.652402,332.34552,NW
2006-05-05 15:00:00,-6.32088,1.3982377,28.06195,28.963287,0.00015151943,12.583808,347.52652,N
2006-05-05 18:00:00,-5.1848106,-1.29235,26.922241,28.963287,0.00636838,10.3868065,13.996155,N
2006-05-05 21:00:00,-4.8832088,-1.0775552,26.432068,28.963287,0.002497675,9.720532,12.443787,N
2006-05-06 00:00:00,-3.469358,0.4168569,26.332916,28.940796,0.00028528157,6.792383,353.14853,N
2006-05-06 03:00:00,-1.5466485,0.1887832,25.926697,28.940796,0.00032217777,3.0287502,353.04092,N
2006-05-06 06:00:00,-1.4057884,-0.040546596,25.399994,28.940796,0.00036885636,2.7337642,1.6520996,N
2006-05-06 09:00:00,-2.0189323,-0.092944324,25.099548,28.940796,0.0009647256,3.9286382,2.6358337,N
2006-05-06 12:00:00,-3.0949821,2.4494224,25.463715,28.940796,0.0019300893,7.6722813,321.6413,NW
2006-05-06 15:00:00,-2.1588545,2.691134,25.971832,28.940796,0.003365641,6.7063484,308.73694,NW
2006-05-06 18:00:00,-0.78026533,3.1155198,26.271393,28.940796,0.00082096853,6.24311,284.06024,W
2006-05-06 21:00:00,-0.5658808,0.35297474,26.48233,28.940796,0.0010934905,1.2964295,328.04565,NW
2006-05-07 00:00:00,-2.6414542,-0.92753977,25.991608,28.91568,0.0012106653,5.4419227,19.348602,N
2006-05-07 03:00:00,-4.5733547,0.54551846,26.008972,28.91568,0.0011249639,8.952889,353.19778,N
2006-05-07 06:00:00,-4.698084,1.7955275,25.353424,28.91568,0.0018557651,9.776552,339.08398,N
2006-05-07 09:00:00,-3.6552331,2.6846738,25.166443,28.91568,0.0011297488,8.815739,323.70367,NW
2006-05-07 12:00:00,-2.167107,3.1663024,26.07138,28.91568,0.000116324285,7.458326,304.38885,NW
2006-05-07 15:00:00,-1.9266512,1.7854786,27.350006,28.91568,8.974201e-05,5.10602,317.17792,NW
2006-05-07 18:00:00,-1.6246746,-0.31294304,27.724792,28.91568,0.000334193,3.21616,10.90271,N
2006-05-07 21:00:00,-2.8625913,-1.1611762,27.490143,28.91568,2.7007656e-05,6.0047855,22.079346,N
2006-05-08 00:00:00,-4.1963525,-0.09384155,26.502106,28.88321,0.00013099774,8.159077,1.2810669,N
2006-05-08 03:00:00,-1.839622,-0.34811407,25.517914,28.88321,0.0006944367,3.6393921,10.715454,N
2006-05-08 06:00:00,-0.38525748,1.5480738,24.615936,28.88321,0.0006450999,3.100992,283.97488,W
2006-05-08 09:00:00,-2.3919954,0.5683079,25.210602,28.88321,0.0003791703,4.779086,346.63504,N
2006-05-08 12:00:00,-2.8413968,1.9999144,26.49228,28.88321,0.00023892196,6.754164,324.86023,NW
2006-05-08 15:00:00,-3.161567,-0.45308906,26.50473,28.88321,0.0009498396,6.2083693,8.155609,N
2006-05-08 18:00:00,-2.22,-1.5895097,26.513367,28.88321,0.0007361178,5.30741,35.602478,NE
2006-05-08 21:00:00,-3.4273438,-0.26359588,26.349976,28.88321,0.0022269608,6.681883,4.397949,N
2006-05-09 00:00:00,-2.8918512,1.637078,25.64154,28.855377,0.0006561582,6.4595265,330.48578,NW
2006-05-09 03:00:00,-2.0686364,1.9586422,25.340424,28.855377,0.0002120207,5.5375686,316.56448,NW
2006-05-09 06:00:00,-2.5921254,2.1109905,25.22763,28.855377,7.134699e-05,6.4981837,320.84113,NW
2006-05-09 09:00:00,-3.7570798,2.0137317,25.377808,28.855377,0.0009329333,8.286042,331.80945,NW
2006-05-09 12:00:00,-4.9044037,1.9024763,26.312378,28.855377,0.00016938266,10.22552,338.79813,N
2006-05-09 15:00:00,-3.3014889,2.0411866,26.904205,28.855377,9.31446e-05,7.545072,328.27307,NW
2006-05-09 18:00:00,-3.2836704,-0.24116534,26.661804,28.855377,0.0010015157,6.4001217,4.20047,N
2006-05-09 21:00:00,-3.1165519,-0.16292763,26.542114,28.855377,1.6800128e-05,6.066351,2.9925842,N
2006-05-10 00:00:00,-5.5278635,-0.9339997,26.514587,28.843384,0.00023211702,10.897582,9.5902405,N
2006-05-10 03:00:00,-4.4953284,0.75008494,26.078491,28.843384,0.00037778798,8.859008,350.52698,N
2006-05-10 06:00:00,-4.3098283,1.4091839,25.782074,28.843384,0.0002694386,8.814071,341.89383,N
2006-05-10 09:00:00,-4.1702814,2.009784,25.199127,28.843384,0.0015805849,8.998631,334.2692,NW
2006-05-10 12:00:00,-5.6944194,1.9841235,26.043396,28.843384,0.00022648158,11.721719,340.78998,N
2006-05-10 15:00:00,-5.454151,0.16132826,27.39154,28.843384,0.00055907946,10.606634,358.30576,N
2006-05-10 18:00:00,-6.3180666,0.39478526,27.978668,28.843384,1.2972159e-05,12.305263,356.4245,N
2006-05-10 21:00:00,-5.080713,-0.13044822,27.249481,28.843384,2.8496375e-05,9.879348,1.4707642,N
2006-05-11 00:00:00,-5.3637457,0.062274992,26.264832,28.839233,0.0005384516,10.426966,359.3348,N
2006-05-11 03:00:00,-3.8169124,0.952857,25.847107,28.839233,0.00030303863,7.6471653,345.98312,N
2006-05-11 06:00:00,-2.800883,3.0080326,25.125671,28.839233,0.00047890726,7.9894443,312.95767,NW
2006-05-11 09:00:00,-2.0316868,3.5670016,24.771118,28.839233,3.934372e-06,7.979517,299.66492,NW
2006-05-11 12:00:00,-3.5905237,2.0826383,26.611725,28.839233,1.04203355e-05,8.068516,329.88467,NW
2006-05-11 15:00:00,-4.387667,-0.05131328,27.981293,28.839233,6.1564846e-05,8.529506,0.67004395,N
2006-05-11 18:00:00,-3.6632984,-1.4231648,28.06894,28.839233,5.1357085e-05,7.639354,21.230774,N
2006-05-11 21:00:00,-1.3405166,-1.6273725,27.58728,28.839233,5.656737e-05,4.098381,50.52066,NE
2006-05-12 00:00:00,-2.8382082,-0.62517613,27.044312,28.838287,4.125596e-05,5.649279,12.422241,N
2006-05-12 03:00:00,-1.5040715,1.0845691,26.262878,28.838287,5.8374833e-05,3.6045113,324.20505,NW
2006-05-12 06:00:00,-0.8440368,1.2329695,25.746033,28.838287,7.5495336e-06,2.9044719,304.39383,NW
2006-05-12 09:00:00,-0.9453211,1.7510252,25.548523,28.838287,0.0,3.8680565,298.36316,NW
2006-05-12 12:00:00,-1.9622884,1.550586,27.602692,28.838287,4.25335e-06,4.8615017,321.68448,NW
2006-05-12 15:00:00,-1.1497648,-0.42060965,29.038483,28.838287,4.0405197e-05,2.3798122,20.093658,N
2006-05-12 18:00:00,-1.9825451,-2.438999,27.909058,28.838287,0.0002541272,6.1097217,50.893982,NE
2006-05-12 21:00:00,-2.0872054,-1.9047933,26.91272,28.838287,6.230897e-05,5.492738,42.383728,NE
2006-05-13 00:00:00,-1.9534729,-0.45201236,26.289642,28.835571,0.00034631463,3.8975673,13.02832,N
2006-05-13 03:00:00,-1.1398239,-0.021704972,25.664154,28.835571,9.7397715e-05,2.216037,1.0909119,N
2006-05-13 06:00:00,-0.23633242,-0.4084074,24.913544,28.835571,0.00017948402,0.9172157,59.94339,NE
2006-05-13 09:00:00,0.33423448,2.0042212,24.946198,28.835571,0.00043733255,3.9496875,260.5322,W
2006-05-13 12:00:00,-1.8444986,0.99610305,26.900269,28.835571,0.00010601035,4.074836,331.62918,NW
2006-05-13 15:00:00,-2.3100305,-1.0316174,28.434204,28.835571,3.923569e-05,4.9177523,24.064667,NE
2006-05-13 18:00:00,-3.2180233,-2.598166,27.508698,28.835571,0.00021893205,8.0396385,38.916687,NE
2006-05-13 21:00:00,-3.7426374,-2.0454776,27.36029,28.835571,8.506468e-06,8.290726,28.658081,NE
2006-05-14 00:00:00,-4.064308,-1.2632799,26.535553,28.831696,9.984337e-05,8.273198,17.266449,N
2006-05-14 03:00:00,-4.404923,-0.8629398,25.550385,28.831696,0.0012587262,8.7252245,11.084076,N
2006-05-14 06:00:00,-2.4426374,-0.30468863,25.012115,28.831696,0.00061298837,4.7848926,7.110199,N
2006-05-14 09:00:00,-3.7163787,1.8328519,24.965454,28.831696,8.899765e-05,8.054823,333.7483,NW
2006-05-14 12:00:00,-5.5721283,0.7125811,27.015808,28.831696,7.783319e-05,10.919535,352.7124,N
2006-05-14 15:00:00,-5.486787,0.05007279,28.636414,28.831696,6.67749e-05,10.66588,359.47714,N
2006-05-14 18:00:00,-5.2654624,-1.554877,28.381744,28.831696,0.00020819274,10.672149,16.451721,N
2006-05-14 21:00:00,-5.2735276,-1.0920901,27.295044,28.831696,6.3795596e-07,10.468395,11.699951,N
2006-05-15 00:00:00,-4.933476,0.08093721,27.279419,28.831696,1.2761448e-06,9.591179,359.06012,N
2006-05-15 03:00:00,-4.491952,0.98354197,26.851196,28.831696,0.0,8.938491,347.64963,N
2006-05-15 06:00:00,-3.317807,2.861247,25.958588,28.831696,5.422812e-05,8.516277,319.2258,NW
2006-05-15 09:00:00,-3.1820114,3.473511,25.563599,28.831696,6.294693e-05,9.156802,312.49216,NW
2006-05-15 12:00:00,-3.692558,3.0975752,27.588715,28.831696,1.0313932e-05,9.368816,320.00772,NW
2006-05-15 15:00:00,-5.005125,1.2584506,29.042877,28.831696,5.1676063e-05,10.03198,345.88654,N
2006-05-15 18:00:00,-5.8217745,-0.099224865,28.02533,28.831696,0.00026252703,11.318242,0.9764404,N
2006-05-15 21:00:00,-5.181997,1.3591189,27.646088,28.831696,8.889148e-05,10.413667,345.30365,N
2006-05-16 00:00:00,-5.427142,0.6156812,27.029907,28.830719,4.253816e-07,10.617164,353.52777,N
2006-05-16 03:00:00,-4.8815207,1.4479438,26.456635,28.830719,8.261786e-05,9.897522,343.47873,N
2006-05-16 06:00:00,-4.900277,1.5026743,25.392029,28.830719,0.00022350415,9.963152,342.95178,N
2006-05-16 09:00:00,-4.361971,3.458976,25.170593,28.830719,0.00016768137,10.821325,321.58612,NW
2006-05-16 12:00:00,-5.0375733,1.3806522,26.995026,28.830719,9.994954e-05,10.15335,344.67325,N
2006-05-16 15:00:00,-4.1014457,-0.3992557,28.610931,28.830719,1.8395018e-05,8.01024,5.5599365,N
2006-05-16 18:00:00,-4.5050817,-0.23291087,28.98233,28.830719,1.4248304e-05,8.768853,2.9595337,N
2006-05-16 21:00:00,-5.011877,-1.1382074,28.19638,28.830719,0.0,9.990359,12.794952,N
2006-05-17 00:00:00,-6.248106,-0.7394821,27.478424,28.823883,3.5195146e-05,12.230085,6.7497253,N
2006-05-17 03:00:00,-5.1082845,-0.36713523,26.944214,28.823883,2.3498898e-05,9.955299,4.1108093,N
2006-05-17 06:00:00,-4.168781,-0.71310383,25.919128,28.823883,4.487112e-05,8.221145,9.70697,N
2006-05-17 09:00:00,-3.56464,0.60365844,25.2872,28.823883,0.00020096241,7.027745,350.38837,N
2006-05-17 12:00:00,-3.6049662,3.4720755,26.627136,28.823883,4.604063e-05,9.729126,316.07574,NW
2006-05-17 15:00:00,-4.892212,1.0470653,28.842651,28.823883,1.7119106e-05,9.725046,347.91943,N
2006-05-17 18:00:00,-5.1382947,-0.70646435,28.324158,28.823883,0.0001768258,10.081985,7.8285217,N
2006-05-17 21:00:00,-5.385128,0.0705294,27.49408,28.823883,8.144835e-05,10.468724,359.24963,N
2006-05-18 00:00:00,-4.8734555,0.23830983,26.547028,28.803375,0.00038916524,9.484537,357.2005,N
2006-05-18 03:00:00,-5.0975933,-0.22375923,25.726685,28.803375,0.00085010263,9.9184475,2.5133972,N
2006-05-18 06:00:00,-4.354281,1.1358902,25.53946,28.803375,0.00044201105,8.747282,345.37924,N
2006-05-18 09:00:00,-3.8864985,2.8346894,24.471313,28.803375,0.0005804517,9.350726,323.89417,NW
2006-05-18 12:00:00,-4.1346445,1.044553,26.41687,28.803375,6.0076127e-05,8.2896,345.82178,N
2006-05-18 15:00:00,-3.7595181,-0.6922882,27.509491,28.803375,0.00032621832,7.4307694,10.433716,N
2006-05-18 18:00:00,-4.2753167,-1.0029063,27.190338,28.803375,0.00035609677,8.536126,13.201782,N
2006-05-18 21:00:00,-3.2583494,0.78884494,26.981812,28.803375,0.0001347193,6.516683,346.39056,N
2006-05-19 00:00:00,-3.5034945,0.6058117,26.232391,28.772095,0.00024136761,6.9112964,350.18964,N
2006-05-19 03:00:00,-3.091981,0.16742933,25.95575,28.772095,0.00031473488,6.019121,356.90048,N
2006-05-19 06:00:00,-2.815888,1.1969013,25.584808,28.772095,7.634447e-05,5.947578,336.97195,NW
2006-05-19 09:00:00,-3.1836994,2.2581348,25.118774,28.772095,9.059254e-05,7.5872326,324.65268,NW
2006-05-19 12:00:00,-3.0015755,3.1347203,27.313843,28.772095,7.879012e-05,8.436338,313.757,NW
2006-05-19 15:00:00,-3.0045767,3.0369232,28.642517,28.772095,4.1469466e-06,8.304175,314.69324,NW
2006-05-19 18:00:00,-2.9029174,3.0674286,29.240143,28.772095,1.0951888e-05,8.209371,313.42163,NW
2006-05-19 21:00:00,-3.3573828,-0.23937088,28.632477,28.772095,4.285085e-05,6.5427814,4.0780945,N
2006-05-20 00:00:00,-3.8844352,-0.24224198,26.867035,28.734009,0.0003727905,7.565389,3.5684814,N
2006-05-20 03:00:00,-3.2264638,0.49670961,26.247467,28.734009,0.0002614637,6.3456144,351.2481,N
2006-05-20 06:00:00,-4.8567624,0.7893833,25.120972,28.734009,0.00077886204,9.564654,350.76828,N
2006-05-20 09:00:00,-4.5906105,2.7455056,25.241425,28.734009,0.00061989995,10.397547,329.11765,NW
2006-05-20 12:00:00,-2.7459269,1.9121661,26.873383,28.734009,8.825446e-06,6.5043144,325.148,NW
2006-05-20 15:00:00,-3.4243429,-0.19504815,27.181824,28.734009,0.000110050896,6.667164,3.2600098,N
2006-05-20 18:00:00,-3.183887,0.4177541,27.487183,28.734009,2.5306363e-05,6.2420135,352.525,N
2006-05-20 21:00:00,-3.604591,-1.1864779,26.951874,28.734009,0.0011987565,7.3765607,18.21936,N
2006-05-21 00:00:00,-3.359446,1.3395594,25.158783,28.698639,0.0001269572,7.0302267,338.26065,N
2006-05-21 03:00:00,-1.7263339,1.5956265,25.491364,28.698639,8.507632e-07,4.569576,317.25323,NW
2006-05-21 06:00:00,-1.3697762,1.4533272,25.164246,28.698639,0.0,3.8820617,313.3048,NW
2006-05-21 09:00:00,-1.846937,0.832091,25.290924,28.698639,0.0,3.9376805,335.74725,NW
2006-05-21 12:00:00,-2.2826462,0.42672634,27.10147,28.698639,0.0,4.513967,349.41113,N
2006-05-21 15:00:00,-2.7359862,0.06478721,28.749207,28.698639,6.6987704e-06,5.3198104,358.64352,N
2006-05-21 18:00:00,-2.099022,-1.3603594,28.83313,28.698639,5.8481237e-05,4.8621154,32.94696,NE
2006-05-21 21:00:00,-1.9859213,-1.0608668,27.480835,28.698639,5.4547098e-05,4.376586,28.11084,NE
2006-05-22 00:00:00,-3.5245016,-0.30307359,26.468658,28.674469,0.0005211199,6.87635,4.914795,N
2006-05-22 03:00:00,-2.5216017,0.24602595,26.374664,28.674469,4.253816e-07,4.9248652,354.42743,N
2006-05-22 06:00:00,-1.1666455,1.6006509,25.966461,28.674469,0.0,3.8501506,306.0867,NW
2006-05-22 09:00:00,-0.9113722,2.2647743,25.45639,28.674469,4.253816e-07,4.7454395,291.92044,W
2006-05-22 12:00:00,-2.506784,0.46638352,27.5849,28.674469,4.253816e-07,4.9564033,349.4607,N
2006-05-22 15:00:00,-3.1493754,0.5555673,29.066803,28.674469,3.85975e-05,6.2164054,349.99564,N
2006-05-22 18:00:00,-3.9624615,-0.66608936,27.783813,28.674469,0.0010018346,7.8104587,9.542206,N
2006-05-22 21:00:00,-3.385705,0.07698941,27.59198,28.674469,0.00014684093,6.58297,358.69736,N
2006-05-23 00:00:00,-3.317807,0.4333658,26.925964,28.669342,0.0,6.5040693,352.55826,N
2006-05-23 03:00:00,-2.5000317,1.8825579,26.582672,28.669342,0.0,6.0833755,323.01974,NW
2006-05-23 06:00:00,-3.491303,2.049441,26.056305,28.669342,8.507632e-07,7.8694086,329.58652,NW
2006-05-23 09:00:00,-5.0146904,1.6593292,25.630707,28.669342,0.00033355504,10.267541,341.69095,N
2006-05-23 12:00:00,-5.5695024,2.8463533,26.749878,28.669342,1.7757062e-05,12.158107,332.9302,NW
2006-05-23 15:00:00,-5.0945926,1.4847299,28.144897,28.669342,6.464822e-05,10.315052,343.75217,N
2006-05-23 18:00:00,-5.7274303,-0.71920496,27.775055,28.669342,0.00015832437,11.220641,7.1572876,N
2006-05-23 21:00:00,-5.715239,-0.805697,27.352203,28.669342,0.0,11.219359,8.024292,N
2006-05-24 00:00:00,-5.621457,-1.4213703,26.958649,28.685211,0.0,11.271101,14.189667,N
2006-05-24 03:00:00,-4.934226,-0.36695582,26.691864,28.685211,6.6987704e-06,9.617834,4.253235,N
2006-05-24 06:00:00,-4.7249055,-0.2268098,25.744263,28.685211,7.4643176e-05,9.195036,2.7482605,N
2006-05-24 09:00:00,-4.572604,1.9862766,24.987946,28.685211,0.00010228879,9.69078,336.52054,NW
2006-05-24 12:00:00,-4.375288,1.2108979,26.305603,28.685211,0.00026678038,8.824567,344.53012,N
2006-05-24 15:00:00,-4.6069283,0.5408529,27.522156,28.685211,2.7007656e-05,9.016634,353.30414,N
2006-05-24 18:00:00,-3.9587102,-1.8936677,27.611023,28.685211,0.00013620779,8.530195,25.564331,NE
2006-05-24 21:00:00,-3.154252,-0.92143863,26.829224,28.685211,2.1280721e-07,6.387624,16.284454,N
2006-05-25 00:00:00,-3.5323792,0.6214234,26.76233,28.713501,2.6582275e-06,6.9718227,350.0225,N
2006-05-25 03:00:00,-3.3536315,1.6365397,25.809753,28.713501,0.0004751857,7.253703,333.98807,NW
2006-05-25 06:00:00,-3.2183986,0.315112,25.085114,28.713501,0.00031048153,6.2859664,354.40802,N
2006-05-25 09:00:00,-2.0080538,2.1226544,25.05014,28.713501,6.3159736e-05,5.679853,313.41083,NW
2006-05-25 12:00:00,-3.4037108,1.3792167,26.845612,28.713501,0.00013620779,7.1388135,337.94174,N
2006-05-25 15:00:00,-3.3691993,1.2107184,29.062653,28.713501,9.994954e-06,6.9592032,340.23416,N
2006-05-25 18:00:00,-3.5490723,-1.7922816,28.524261,28.713501,0.00013610162,7.728613,26.793762,NE
2006-05-25 21:00:00,-3.695184,-1.6399336,27.325104,28.713501,0.00020989403,7.858445,23.931793,NE
2006-05-26 00:00:00,-3.2949243,-0.98621804,26.687927,28.741821,0.00037427922,6.6855526,16.663208,N
2006-05-26 03:00:00,-2.5191631,-0.1880498,25.648315,28.741821,0.0007824772,4.910475,4.2690735,N
2006-05-26 06:00:00,-3.4937413,2.5868769,24.803375,28.741821,4.6997564e-05,8.450264,323.48257,NW
2006-05-26 09:00:00,-2.6048794,2.2837954,25.00064,28.741821,0.00040139304,6.733973,318.75775,NW
2006-05-26 12:00:00,-1.0419159,2.2346275,26.599274,28.741821,3.2961834e-06,4.792718,294.99774,NW
2006-05-26 15:00:00,-1.8199279,1.5871925,28.18982,28.741821,6.815721e-05,4.6940084,318.9077,NW
2006-05-26 18:00:00,-2.6345146,-2.9209864,28.206238,28.741821,0.00013333699,7.6461954,47.951874,NE
2006-05-26 21:00:00,-1.0383523,-0.76998764,26.73404,28.741821,2.0202715e-05,2.5127892,36.558685,NE
2006-05-27 00:00:00,-1.4956312,0.92701703,26.344177,28.757202,0.0,3.4204257,328.20868,NW
2006-05-27 03:00:00,-2.0435033,0.8952554,26.167908,28.757202,0.0,4.336719,336.34186,NW
2006-05-27 06:00:00,-2.0294359,1.5001621,25.52481,28.757202,2.9772054e-06,4.9056826,323.52814,NW
2006-05-27 09:00:00,-3.2797318,2.2999454,25.058441,28.757202,8.038501e-05,7.786624,324.95953,NW
2006-05-27 12:00:00,-3.6019652,2.0063744,26.798737,28.757202,5.422812e-05,8.0145855,330.88123,NW
2006-05-27 15:00:00,-5.1019077,1.3531972,28.65149,28.757202,8.314964e-05,10.2602,345.14526,N
2006-05-27 18:00:00,-5.737934,0.52793294,28.205475,28.757202,0.00038087158,11.200736,354.74316,N
2006-05-27 21:00:00,-6.192775,-0.43586236,27.422028,28.757202,5.9331767e-05,12.067543,4.0259705,N
2006-05-28 00:00:00,-7.1170855,0.9101493,27.11493,28.74646,4.253816e-07,13.947141,352.71243,N
2006-05-28 03:00:00,-6.193525,1.3330995,26.65271,28.74646,4.253816e-07,12.314944,347.85294,N
2006-05-28 06:00:00,-4.9619856,1.7937329,26.372162,28.74646,8.507632e-07,10.256179,340.12534,N
2006-05-28 09:00:00,-4.929537,2.3178897,25.72699,28.74646,1.6374746e-05,10.588656,334.8169,NW
2006-05-28 12:00:00,-5.853848,1.8791485,26.562653,28.74646,0.00017161551,11.95086,342.20282,N
2006-05-28 15:00:00,-5.5696898,-0.48180014,27.632446,28.74646,8.027861e-05,10.867018,4.9440002,N
2006-05-28 18:00:00,-6.516696,-0.049877703,27.435486,28.74646,0.00052197045,12.667786,0.4385376,N
2006-05-28 21:00:00,-6.042349,0.54587734,27.484772,28.74646,0.0003652412,11.793193,354.8378,N
2006-05-29 00:00:00,-5.6053267,1.5123644,26.642456,28.718414,5.84824e-06,11.285482,344.90067,N
2006-05-29 03:00:00,-5.500292,2.0270104,26.282867,28.718414,0.0002845372,11.394614,339.76974,N
2006-05-29 06:00:00,-5.3958187,2.537709,25.538025,28.718414,0.00035854243,11.590703,334.81192,NW
2006-05-29 09:00:00,-5.4702816,1.9746127,25.661316,28.718414,0.00018214225,11.304909,340.1519,N
2006-05-29 12:00:00,-5.4033213,1.3431484,27.081146,28.718414,6.4329244e-05,10.822831,346.04044,N
2006-05-29 15:00:00,-5.2161336,-1.0169029,28.340424,28.718414,8.623325e-05,10.3302145,11.031647,N
2006-05-29 18:00:00,-6.4186006,0.2365154,27.546082,28.718414,0.00018852181,12.4852,357.8897,N
2006-05-29 21:00:00,-4.644441,1.601907,27.398865,28.718414,6.5073604e-05,9.549962,340.97025,N
2006-05-30 00:00:00,-5.5678144,1.2955956,26.559723,28.684967,8.507632e-07,11.11209,346.90073,N
2006-05-30 03:00:00,-5.557123,1.6040604,26.367798,28.684967,0.00012844591,11.243166,343.89926,N
2006-05-30 06:00:00,-5.869603,3.0640192,26.206696,28.684967,0.00012004585,12.870578,332.43478,NW
2006-05-30 09:00:00,-3.6884317,3.835271,25.724274,28.684967,2.0096311e-05,10.343318,313.8819,NW
2006-05-30 12:00:00,-5.309165,4.1498365,27.70523,28.684967,9.4634015e-06,13.09871,321.98752,NW
2006-05-30 15:00:00,-6.0237803,3.6034288,29.988495,28.684967,2.764631e-06,13.644404,329.11212,NW
2006-05-30 18:00:00,-6.215845,2.2645948,29.971313,28.684967,3.1897798e-07,12.859515,339.982,N
2006-05-30 21:00:00,-5.606077,0.8816176,28.564148,28.684967,0.0,11.031245,351.0628,N
2006-05-31 00:00:00,-5.729306,1.4095428,27.187378,28.637085,2.5520567e-06,11.468946,346.1784,N
2006-05-31 03:00:00,-5.248019,1.2229207,26.444519,28.637085,8.507632e-07,10.474618,346.88272,N
2006-05-31 06:00:00,-4.6290607,2.2324743,25.989868,28.637085,3.5195146e-05,9.989927,334.2532,NW
2006-05-31 09:00:00,-3.9650874,3.0121598,26.029419,28.637085,6.2736217e-06,9.679275,322.77713,NW
2006-05-31 12:00:00,-4.876644,4.845542,27.990143,28.637085,6.6987704e-06,13.363236,315.1833,NW
2006-05-31 15:00:00,-5.514171,4.315643,29.86148,28.637085,0.0,13.611164,321.95163,NW
2006-05-31 18:00:00,-6.205716,2.5305312,29.742798,28.637085,1.06403604e-07,13.027282,337.81564,N
2006-05-31 21:00:00,-4.866891,1.8150868,28.503296,28.637085,0.0,10.096966,339.5472,N
2006-06-01 00:00:00,-2.790567,2.0526712,27.433533,28.567993,0.0,6.7338624,323.66272,NW
2006-06-01 03:00:00,-1.385344,1.5136204,26.460358,28.567993,0.0,3.9885328,312.46637,NW
2006-06-01 06:00:00,-1.9983004,1.191159,26.078491,28.567993,1.7012935e-06,4.5221195,329.20142,NW
2006-06-01 09:00:00,-2.8505874,1.8581536,25.870728,28.567993,0.0,6.6143665,326.9017,NW
2006-06-01 12:00:00,-3.5031195,2.2358837,27.812866,28.567993,0.0,8.078292,327.45175,NW
2006-06-01 15:00:00,-3.5888357,2.6046417,29.964539,28.567993,0.0,8.619763,324.02927,NW
2006-06-01 18:00:00,-4.5784187,0.30596033,29.998657,28.567993,0.0,8.919564,356.1768,N
2006-06-01 21:00:00,-5.0929046,-1.0212097,28.382965,28.567993,0.0,10.096849,11.338379,N
2006-06-02 00:00:00,-5.643402,-0.31778806,27.162018,28.467194,0.0,10.98725,3.222992,N
2006-06-02 03:00:00,-4.415614,0.5659751,26.677643,28.467194,0.0,8.653467,352.6959,N
2006-06-02 06:00:00,-4.6868305,2.1565692,25.92099,28.467194,0.0,10.028627,335.29126,NW
2006-06-02 09:00:00,-4.956921,2.819975,25.578247,28.467194,1.2972159e-05,11.085568,330.3646,NW
2006-06-02 12:00:00,-5.157426,2.961736,27.494293,28.467194,4.997477e-06,11.560689,330.1327,NW
2006-06-02 15:00:00,-5.5462446,3.059892,29.50235,28.467194,0.0,12.312929,331.11426,NW
2006-06-02 18:00:00,-5.6105785,1.1859552,29.137634,28.467194,5.317852e-07,11.147051,348.0646,N
2006-06-02 21:00:00,-6.3450756,-0.5851601,28.21103,28.467194,0.0,12.38615,5.2690735,N
2006-06-03 00:00:00,-6.098618,1.0059725,27.250885,28.363892,0.0,12.014933,350.63336,N
2006-06-03 03:00:00,-6.7852864,0.73752385,26.948914,28.363892,0.0,13.267197,353.7966,N
2006-06-03 06:00:00,-6.6354237,2.515099,26.449097,28.363892,9.569642e-05,13.7936735,339.24124,N
2006-06-03 09:00:00,-6.874942,3.456105,26.197174,28.363892,6.337231e-05,14.957402,333.31085,NW
2006-06-03 12:00:00,-6.1777697,5.3307595,27.670044,28.363892,0.0,15.861286,319.2093,NW
2006-06-03 15:00:00,-6.406784,4.1202283,29.648804,28.363892,0.0,14.806801,327.25476,NW
2006-06-03 18:00:00,-6.1462593,2.6550655,30.216919,28.363892,0.0,13.014422,336.6366,NW
2006-06-03 21:00:00,-5.861726,-0.25444418,28.658813,28.363892,0.0,11.404987,2.4855042,N
2006-06-04 00:00:00,-6.5994115,0.9275554,26.60147,28.28772,0.0,12.9542885,351.99942,N
2006-06-04 03:00:00,-5.3950686,2.304252,26.426147,28.28772,0.0,11.403624,336.8725,NW
2006-06-04 06:00:00,-3.592962,3.0433831,25.75061,28.28772,4.253816e-07,9.152898,319.73407,NW
2006-06-04 09:00:00,-3.8114731,3.460591,25.28064,28.28772,0.0,10.007098,317.76242,NW
2006-06-04 12:00:00,-4.591923,5.362342,27.26892,28.28772,0.0,13.72308,310.57437,NW
2006-06-04 15:00:00,-6.4788084,3.7197087,29.696869,28.28772,0.0,14.521823,330.13837,NW
2006-06-04 18:00:00,-6.7372704,1.4858066,29.652283,28.28772,0.0,13.410867,347.56332,N
2006-06-04 21:00:00,-6.7819104,1.4739633,28.621765,28.28772,4.253816e-07,13.490708,347.73816,N
2006-06-05 00:00:00,-6.1237516,1.2807018,26.991089,28.236969,0.00010898756,12.161129,348.1876,N
2006-06-05 03:00:00,-6.647803,3.2079334,26.139252,28.236969,0.0006376568,14.348136,334.2401,NW
2006-06-05 06:00:00,-7.7319174,2.9746559,25.74231,28.236969,0.0003112259,16.103529,338.95706,N
2006-06-05 09:00:00,-5.6814775,2.975015,26.01892,28.236969,5.4228585e-06,12.466351,332.3619,NW
2006-06-05 12:00:00,-4.3257713,2.2062755,26.624207,28.236969,0.00020277011,9.43913,332.97702,NW
2006-06-05 15:00:00,-2.9633126,2.9306922,27.358337,28.236969,3.9129285e-05,8.101448,315.3171,NW
2006-06-05 18:00:00,-2.307592,2.5723417,27.827515,28.236969,1.1483673e-05,6.7173448,311.8946,NW
2006-06-05 21:00:00,-3.4237802,1.2561178,26.447906,28.236969,0.00031005638,7.08905,339.8529,N
2006-06-06 00:00:00,-3.9024413,1.2781895,25.77237,28.208374,0.00014652195,7.982254,341.86453,N
2006-06-06 03:00:00,-3.9211977,1.4949582,25.474762,28.208374,8.400064e-06,8.157343,339.13065,N
2006-06-06 06:00:00,-3.95796,1.7006013,24.966217,28.208374,5.4547098e-05,8.373754,336.74844,NW
2006-06-06 09:00:00,-3.35682,1.9249067,24.704987,28.208374,5.1250914e-05,7.521809,330.16867,NW
2006-06-06 12:00:00,-3.5494475,1.5225927,26.491638,28.208374,1.0739313e-05,7.507569,336.78232,NW
2006-06-06 15:00:00,-2.7446141,0.17442769,28.607544,28.208374,4.891306e-06,5.345854,356.3636,N
2006-06-06 18:00:00,-3.411026,-1.9819543,29.059906,28.208374,3.934372e-06,7.6685023,30.158447,NE
2006-06-06 21:00:00,-4.1286426,-1.1672773,27.341492,28.208374,0.0003080361,8.340009,15.787018,N
2006-06-07 00:00:00,-3.6068418,-1.1635089,26.075104,28.198883,0.00019277516,7.366887,17.878845,N
2006-06-07 03:00:00,-3.714878,-0.10801768,25.875854,28.198883,0.00030697277,7.2241807,1.6655273,N
2006-06-07 06:00:00,-2.9432435,1.9211385,25.243805,28.198883,0.00020553451,6.8321085,326.8664,NW
2006-06-07 09:00:00,-1.9977378,3.0475104,24.39569,28.198883,3.1898962e-05,7.0832305,303.2461,NW
2006-06-07 12:00:00,-3.142248,2.5159962,26.756989,28.198883,0.00018703332,7.824761,321.31577,NW
2006-06-07 15:00:00,-4.23968,-1.3542583,28.039215,28.198883,5.869381e-05,8.651485,17.714752,N
2006-06-07 18:00:00,-4.1046343,-2.1610398,28.259888,28.198883,1.5630387e-05,9.017013,27.766266,NE
2006-06-07 21:00:00,-4.765044,-0.4742635,26.720825,28.198883,0.001125921,9.3082485,5.683899,N
2006-06-08 00:00:00,-4.245869,0.004493892,25.261414,28.211578,0.0010179968,8.253295,359.93936,N
2006-06-08 03:00:00,-2.657022,1.6602263,25.438568,28.211578,0.00037183356,6.0901837,328.001,NW
2006-06-08 06:00:00,-3.5601385,2.7498121,24.374176,28.211578,0.0011182653,8.744267,322.3179,NW
2006-06-08 09:00:00,-2.7733111,3.156433,24.445984,28.211578,2.764631e-06,8.167442,311.30325,NW
2006-06-08 12:00:00,-4.0716233,3.4792533,25.832458,28.211578,0.0001130281,10.410588,319.4857,NW
2006-06-08 15:00:00,-3.9393911,2.8395343,27.873657,28.211578,8.772174e-05,9.439491,324.21573,NW
2006-06-08 18:00:00,-3.5299408,0.7802316,28.79773,28.211578,8.931849e-06,7.0272555,347.53616,N
2006-06-08 21:00:00,-3.9408917,0.5952245,27.886871,28.211578,0.0,7.7473474,351.41107,N
2006-06-09 00:00:00,-5.572691,0.298962,26.769897,28.241821,4.253816e-07,10.847997,356.92917,N
2006-06-09 03:00:00,-5.5032926,1.2580917,26.092163,28.241821,0.00042350963,10.973494,347.12305,N
2006-06-09 06:00:00,-4.4776974,3.181017,25.114624,28.241821,9.994954e-06,10.676734,324.6095,NW
2006-06-09 09:00:00,-5.1812468,2.3645453,24.859528,28.241821,0.00055184914,11.070744,335.46967,NW
2006-06-09 12:00:00,-5.6715364,1.8315957,26.9794,28.241821,9.399513e-05,11.585199,342.1024,N
2006-06-09 15:00:00,-4.6768894,2.6957996,29.479614,28.241821,0.0,10.493249,330.04047,NW
2006-06-09 18:00:00,-4.3152676,0.45059243,29.94519,28.241821,0.0,8.433795,354.03888,N
2006-06-09 21:00:00,-4.922785,-1.5372913,28.163696,28.241821,0.0,10.02484,17.34259,N
2006-06-10 00:00:00,-5.9547567,-0.2985875,26.99231,28.279907,0.0,11.589637,2.870575,N
2006-06-10 03:00:00,-4.9893694,0.79584324,26.652283,28.279907,0.0,9.821139,350.93723,N
2006-06-10 06:00:00,-4.6410646,2.746941,26.07315,28.279907,0.0,10.483258,329.37967,NW
2006-06-10 09:00:00,-4.498517,2.8768587,25.683289,28.279907,3.402587e-06,10.379628,327.40057,NW
2006-06-10 12:00:00,-4.129768,2.8449178,27.113403,28.279907,3.5301317e-05,9.748032,325.4378,NW
2006-06-10 15:00:00,-4.6735134,3.009468,29.27478,28.279907,1.7757062e-05,10.805133,327.22086,NW
2006-06-10 18:00:00,-5.195689,1.3704239,29.79721,28.279907,2.5520567e-06,10.444997,345.2241,N
2006-06-10 21:00:00,-5.1345434,-0.12578267,28.069946,28.279907,0.0,9.983726,1.4033203,N
2006-06-11 00:00:00,-6.4570513,0.5605918,27.075134,28.31604,0.0,12.598689,355.03812,N
2006-06-11 03:00:00,-6.1614513,1.196363,26.611176,28.31604,4.253816e-07,12.200561,349.01166,N
2006-06-11 06:00:00,-5.456214,2.477595,26.09665,28.31604,1.06403604e-07,11.64825,335.57782,NW
2006-06-11 09:00:00,-4.58836,2.4578564,25.724487,28.31604,6.7838235e-05,10.118075,331.8233,NW
2006-06-11 12:00:00,-4.630186,2.0356238,27.103455,28.31604,4.965579e-05,9.831755,336.2677,NW
2006-06-11 15:00:00,-3.8319175,0.23095262,28.247986,28.31604,0.00019415747,7.462151,356.5509,N
2006-06-11 18:00:00,-3.6610475,-2.0768805,27.326843,28.31604,0.0005461073,8.181858,29.565857,NE
2006-06-11 21:00:00,-3.9958477,0.2916048,26.950867,28.31604,0.00010430906,7.787945,355.82614,N
2006-06-12 00:00:00,-4.050991,0.6420595,26.342438,28.339508,0.0001734232,7.97277,350.99387,N
2006-06-12 03:00:00,-1.9020805,1.5635059,24.994293,28.339508,0.00015758001,4.7861357,320.57986,NW
2006-06-12 06:00:00,0.2625854,1.1358902,24.85559,28.339508,1.3397541e-05,2.266219,256.98352,W
2006-06-12 09:00:00,0.6371491,1.0120736,24.882263,28.339508,4.253816e-07,2.3246994,237.80762,SW
2006-06-12 12:00:00,-0.3554349,-0.47157174,26.879822,28.339508,3.1686155e-05,1.1478765,52.993774,NE
2006-06-12 15:00:00,-0.6110835,-1.4118598,28.538269,28.339508,3.3281045e-05,2.9904642,66.59598,NE
2006-06-12 18:00:00,-0.55387664,-3.5635762,27.432983,28.339508,0.001527952,7.010193,81.165344,E
2006-06-12 21:00:00,-0.95376134,-2.3738606,26.988678,28.339508,0.00012674462,4.9729166,68.1109,E
2006-06-13 00:00:00,0.5111067,0.33772197,25.939575,28.34021,0.0002212713,1.1908083,213.45538,SW
2006-06-13 03:00:00,-1.2788084,2.2837954,24.767181,28.34021,3.2005133e-05,5.0879145,299.24658,NW
2006-06-13 06:00:00,-0.27290726,3.8363473,24.37732,28.34021,1.06403604e-07,7.4760904,274.06903,W
2006-06-13 09:00:00,-1.4941306,3.667311,24.522583,28.34021,0.00033483095,7.697605,292.1669,W
2006-06-13 12:00:00,-1.9035809,2.9208226,25.589722,28.34021,0.00031813723,6.776959,303.0934,NW
2006-06-13 15:00:00,-1.6770048,1.5818093,28.25769,28.34021,2.9027928e-05,4.4811587,316.67322,NW
2006-06-13 18:00:00,-1.7677853,-0.7868554,28.579254,28.34021,1.7863465e-05,3.761321,23.994232,NE
2006-06-13 21:00:00,-3.589586,1.0718286,26.375458,28.34021,1.0313932e-05,7.281996,343.3747,N
2006-06-14 00:00:00,-3.776399,0.91445595,26.344635,28.312866,3.5089906e-06,7.5528674,346.38785,N
2006-06-14 03:00:00,-3.634226,1.3921366,26.15982,28.312866,0.00029889168,7.564921,339.04004,N
2006-06-14 06:00:00,-4.2454944,2.984346,24.87857,28.312866,0.00070592016,10.087489,324.89493,NW
2006-06-14 09:00:00,-3.1431856,3.5711288,24.636902,28.312866,0.00035365135,9.247567,311.35315,NW
2006-06-14 12:00:00,-1.8062358,3.0170047,25.74701,28.312866,7.655704e-06,6.835246,300.90833,NW
2006-06-14 15:00:00,-3.940704,3.1153402,28.406677,28.312866,7.5495336e-06,9.764675,321.67172,NW
2006-06-14 18:00:00,-4.354093,3.0369232,28.943298,28.312866,0.0,10.319031,325.10474,NW
2006-06-14 21:00:00,-4.32971,1.9794579,27.998901,28.312866,0.0,9.254117,335.43106,NW
2006-06-15 00:00:00,-5.165679,1.7784803,26.491394,28.263336,0.0,10.619707,341.00204,N
2006-06-15 03:00:00,-5.815585,1.2979283,26.07193,28.263336,0.0,11.5826845,347.41885,N
2006-06-15 06:00:00,-5.9879556,1.7876318,25.348297,28.263336,4.253816e-07,12.147249,343.37766,N
2006-06-15 09:00:00,-5.054829,3.2066774,24.794067,28.263336,3.540772e-05,11.636132,327.6098,NW
2006-06-15 12:00:00,-4.3647842,4.0003595,26.511414,28.263336,3.6683632e-05,11.508817,317.4945,NW
2006-06-15 15:00:00,-5.977077,3.0073147,28.491364,28.263336,0.0,13.006221,333.29114,NW
2006-06-15 18:00:00,-5.928873,1.017457,28.142303,28.263336,3.2111537e-05,11.693253,350.2623,N
2006-06-15 21:00:00,-5.3406754,0.67400056,27.164642,28.263336,0.00010420289,10.463763,352.80722,N
2006-06-16 00:00:00,-5.1988773,0.14087158,26.138824,28.194,2.1159649e-05,10.109495,358.44788,N
2006-06-16 03:00:00,-5.134356,-0.35080582,25.589722,28.194,2.5200192e-05,10.003635,3.908661,N
2006-06-16 06:00:00,-4.9556084,2.1068633,25.091675,28.194,0.00027592457,10.467344,336.96738,NW
2006-06-16 09:00:00,-5.135106,2.2448559,24.77649,28.194,0.00017065858,10.893951,336.38705,NW
2006-06-16 12:00:00,-5.634024,3.1207235,25.37442,28.194,0.0003144159,12.519468,331.01764,NW
2006-06-16 15:00:00,-4.9599223,2.3711848,26.817322,28.194,9.569805e-06,10.686409,334.44897,NW
2006-06-16 18:00:00,-5.897738,3.095063,27.69812,28.194,2.2648135e-05,12.947015,332.31006,NW
2006-06-16 21:00:00,-5.49579,2.6764195,26.352722,28.194,2.5306363e-05,11.882401,334.03418,NW
2006-06-17 00:00:00,-3.5910864,2.6360445,25.538696,28.110016,0.00017235987,8.659286,323.7194,NW
2006-06-17 03:00:00,-3.8722436,1.9869945,25.297485,28.110016,7.43242e-05,8.460153,332.83594,NW
2006-06-17 06:00:00,-4.8166237,2.8368428,25.042816,28.110016,8.1660924e-05,10.865969,329.50323,NW
2006-06-17 09:00:00,-4.6868305,2.5915422,24.644226,28.110016,0.00027783844,10.410433,331.05997,NW
2006-06-17 12:00:00,-4.93235,2.4129953,25.761108,28.110016,0.00040713488,10.673544,333.93127,NW
2006-06-17 15:00:00,-4.006914,2.0724099,28.297485,28.110016,3.1367177e-05,8.768904,332.6516,NW
2006-06-17 18:00:00,-5.252146,1.5371276,29.338715,28.110016,4.1469466e-06,10.637583,343.687,N
2006-06-17 21:00:00,-5.9127426,0.006467819,27.830475,28.110016,0.0,11.493432,359.93732,N
2006-06-18 00:00:00,-6.692443,0.33574808,26.532837,28.035797,0.0,13.025399,357.128,N
2006-06-18 03:00:00,-7.562173,1.278369,26.09488,28.035797,0.0,14.908213,350.405,N
2006-06-18 06:00:00,-6.7772217,2.7912638,25.62854,28.035797,5.635433e-06,14.247417,337.6152,N
2006-06-18 09:00:00,-5.263962,4.391548,24.953735,28.035797,1.6268576e-05,13.325585,320.16287,NW
2006-06-18 12:00:00,-5.686917,4.272397,26.545074,28.035797,6.645592e-05,13.826484,323.08365,NW
2006-06-18 15:00:00,-5.8335915,3.8243246,28.4599,28.035797,6.581796e-05,13.559067,326.75238,NW
2006-06-18 18:00:00,-6.0035233,2.7342005,28.996979,28.035797,7.655704e-06,12.823179,335.51395,NW
2006-06-18 21:00:00,-5.564063,0.38383916,27.596588,28.035797,6.6987704e-06,10.841354,356.05368,N
2006-06-19 00:00:00,-5.2525206,1.1260208,26.861023,27.984009,3.402587e-06,10.4420395,347.90024,N
2006-06-19 03:00:00,-4.303639,0.4941974,26.270416,27.984009,0.0,8.420562,353.44928,N
2006-06-19 06:00:00,-4.3240833,2.4765186,25.605347,27.984009,8.144835e-05,9.686263,330.19907,NW
2006-06-19 09:00:00,-2.928051,4.140326,25.003601,27.984009,1.2761448e-06,9.857355,305.26807,NW
2006-06-19 12:00:00,-3.6691127,5.1050186,26.969116,27.984009,8.507632e-07,12.220494,305.7058,NW
2006-06-19 15:00:00,-6.375461,4.8040905,29.459167,27.984009,1.4887191e-06,15.51737,323.00095,NW
2006-06-19 18:00:00,-6.5491447,2.5592422,29.433258,27.984009,1.7012935e-06,13.667976,338.65567,N
2006-06-19 21:00:00,-5.3611197,0.5360079,27.94522,27.984009,0.0,10.473115,354.2905,N
2006-06-20 00:00:00,-5.5629377,0.9395782,26.513031,27.945923,0.0,10.966615,350.41324,N
2006-06-20 03:00:00,-5.476659,1.935494,26.019684,27.945923,0.0,11.291005,340.5362,N
2006-06-20 06:00:00,-5.1949387,2.9832692,25.663727,27.945923,0.0,11.644768,330.13278,NW
2006-06-20 09:00:00,-4.305702,4.4382033,25.108063,27.945923,0.0,12.019899,314.13184,NW
2006-06-20 12:00:00,-5.191,5.747788,26.521667,27.945923,0.0,15.054856,312.08615,NW
2006-06-20 15:00:00,-6.2014027,5.1959968,29.028992,27.945923,0.0,15.726589,320.04123,NW
2006-06-20 18:00:00,-6.911892,3.4762027,29.295776,27.945923,2.1280721e-07,15.039122,333.30078,NW
2006-06-20 21:00:00,-5.28103,2.1068633,28.0578,27.945923,0.0,11.052257,338.25052,N
2006-06-21 00:00:00,-5.2354527,0.98461866,26.374908,27.90979,0.0,10.355294,349.34894,N
2006-06-21 03:00:00,-5.757066,0.91158485,26.016968,27.90979,0.0,11.3302355,351.00238,N
2006-06-21 06:00:00,-4.898214,1.9792783,25.66449,27.90979,0.00011185859,10.269299,337.99728,N
2006-06-21 09:00:00,-4.5386553,3.0048025,25.367523,27.90979,9.675976e-06,10.580675,326.4936,NW
2006-06-21 12:00:00,-4.08344,3.618861,27.30487,27.90979,4.253816e-07,10.606072,318.45172,NW
2006-06-21 15:00:00,-5.4699063,3.9955146,29.601257,27.90979,5.7418365e-06,13.167133,323.8536,NW
2006-06-21 18:00:00,-5.818961,2.525148,29.396118,27.90979,3.1897798e-07,12.330242,336.5415,NW
2006-06-21 21:00:00,-4.6103044,0.8733632,27.598541,27.90979,0.0,9.1210785,349.27316,N
2006-06-22 00:00:00,-4.9619856,1.5690687,26.88321,27.863892,0.0,10.116054,342.45212,N
2006-06-22 03:00:00,-4.209482,1.8818402,26.24472,27.863892,2.5520567e-06,8.962992,335.91306,NW
2006-06-22 06:00:00,-3.7870898,2.6186383,25.42743,27.863892,1.38229225e-05,8.949967,325.33752,NW
2006-06-22 09:00:00,-4.3884172,2.8190777,24.941498,27.863892,3.232411e-05,10.138836,327.2837,NW
2006-06-22 12:00:00,-4.4711328,4.165269,26.698853,27.863892,5.7630474e-05,11.878198,317.02832,NW
2006-06-22 15:00:00,-5.526738,3.0945246,29.21347,27.863892,2.445653e-06,12.312491,330.75473,NW
2006-06-22 18:00:00,-5.7724457,1.2839317,29.382019,27.863892,5.317852e-07,11.494919,347.46017,N
2006-06-22 21:00:00,-5.6934814,-0.9532003,27.84314,27.863892,0.0,11.221249,9.504303,N
2006-06-23 00:00:00,-4.8151236,-0.08325434,26.734253,27.836578,0.0,9.361229,0.99057007,N
2006-06-23 03:00:00,-6.0824876,0.9331181,26.541138,27.836578,0.0,11.961704,351.27823,N
2006-06-23 06:00:00,-4.901215,2.5856206,25.942963,27.836578,0.0001317421,10.771636,332.18625,NW
2006-06-23 09:00:00,-3.6040282,3.387019,25.693573,27.836578,4.253816e-07,9.61384,316.77795,NW
2006-06-23 12:00:00,-3.4472256,4.7427206,27.158875,27.836578,3.1897798e-07,11.397065,306.01135,NW
2006-06-23 15:00:00,-4.2141714,4.4809113,29.412933,27.836578,0.0,11.957035,313.2429,NW
2006-06-23 18:00:00,-4.7029605,2.1368306,29.796356,27.836578,0.0,10.041187,335.5649,NW
2006-06-23 21:00:00,-5.1332307,0.2519476,28.072113,27.836578,0.0,9.9901905,357.1901,N
2006-06-24 00:00:00,-4.205731,1.3316638,26.68277,27.840485,0.0,8.575287,342.4306,N
2006-06-24 03:00:00,-3.7713346,1.6178775,25.83664,27.840485,0.0,7.9769692,336.781,NW
2006-06-24 06:00:00,-3.4759226,2.4289658,24.98227,27.840485,8.507632e-07,8.24287,325.05426,NW
2006-06-24 09:00:00,-4.6962085,2.9236937,24.698425,27.840485,0.00013089133,10.753206,328.09506,NW
2006-06-24 12:00:00,-3.686181,4.047553,27.115143,27.840485,0.0,10.641635,312.3247,NW
2006-06-24 15:00:00,-5.3509912,2.6835973,29.442352,27.840485,0.0,11.63625,333.3656,NW
2006-06-24 18:00:00,-6.2421036,-0.6431206,29.021667,27.840485,0.0,12.197881,5.8823853,N
2006-06-24 21:00:00,-6.8282385,-0.16274816,27.70108,27.840485,0.0,13.2767725,1.3653564,N
2006-06-25 00:00:00,-6.3066254,1.4841915,26.546814,27.849274,0.0,12.593976,346.75708,N
2006-06-25 03:00:00,-6.138569,1.6101615,25.990387,27.849274,1.01013575e-05,12.336058,345.30228,N
2006-06-25 06:00:00,-6.2576714,2.739584,25.41977,27.849274,0.00015151943,13.278543,336.35638,NW
2006-06-25 09:00:00,-6.2527947,3.9510124,25.191559,27.849274,8.857227e-05,14.377577,327.71204,NW
2006-06-25 12:00:00,-5.861726,4.5873218,26.793823,27.849274,3.6153942e-06,14.468667,321.95367,NW
2006-06-25 15:00:00,-5.959071,3.939528,28.071472,27.849274,2.126675e-06,13.885932,326.5314,NW
2006-06-25 18:00:00,-7.119524,2.6708567,28.54306,27.849274,8.644583e-05,14.780996,339.43665,N
2006-06-25 21:00:00,-6.1773944,1.8174195,27.356354,27.849274,3.5195146e-05,12.516763,343.60587,N
2006-06-26 00:00:00,-6.1490726,2.4461925,26.095642,27.83142,5.2101444e-05,12.863896,338.3066,N
2006-06-26 03:00:00,-6.188836,2.2566993,25.751373,27.83142,2.2329157e-05,12.804933,339.9661,N
2006-06-26 06:00:00,-6.5039415,2.16285,25.157593,27.83142,1.5949365e-05,13.323343,341.60574,N
2006-06-26 09:00:00,-6.0025854,3.0480487,24.973083,27.83142,0.00018469407,13.086192,333.07904,NW
2006-06-26 12:00:00,-6.020779,3.0092888,26.257965,27.83142,4.6359608e-05,13.083878,333.44333,NW
2006-06-26 15:00:00,-5.402196,2.2358837,28.064148,27.83142,4.2744447e-05,11.364883,337.5161,N
2006-06-26 18:00:00,-5.523737,0.76192826,28.385345,27.83142,5.4440694e-05,10.838926,352.14633,N
2006-06-26 21:00:00,-4.8923993,0.04199779,27.746002,27.83142,1.2761448e-06,9.510392,359.50818,N
2006-06-27 00:00:00,-5.815773,0.4475419,26.465942,27.761353,0.0,11.338355,355.59958,N
2006-06-27 03:00:00,-5.9249344,0.8765932,26.080017,27.761353,4.253816e-07,11.642492,351.58414,N
2006-06-27 06:00:00,-6.570902,1.6735053,25.701324,27.761353,5.9650745e-05,13.180521,345.71143,N
2006-06-27 09:00:00,-5.4299555,3.1874769,25.36853,27.761353,0.00021914486,12.23916,329.58633,NW
2006-06-27 12:00:00,-5.5997,3.1004465,26.88269,27.761353,2.1797605e-05,12.442005,331.02756,NW
2006-06-27 15:00:00,-5.3440514,1.37814,28.80307,27.761353,3.1154603e-05,10.727841,345.53946,N
2006-06-27 18:00:00,-6.4114733,0.5047846,27.539978,27.761353,0.00035832985,12.501446,355.49832,N
2006-06-27 21:00:00,-6.8588114,0.36266473,27.042145,27.761353,5.5397628e-05,13.351057,356.97327,N
2006-06-28 00:00:00,-6.9647846,0.6460073,26.177399,27.648071,0.00012919027,13.596539,354.70078,N
2006-06-28 03:00:00,-6.3957176,1.1902618,25.545563,27.648071,0.00018299278,12.645711,349.4577,N
2006-06-28 06:00:00,-5.8245883,1.7144186,25.332123,27.648071,0.00027783844,11.802337,343.59866,N
2006-06-28 09:00:00,-6.048914,1.5929348,24.928162,27.648071,0.0002564662,12.158995,345.24655,N
2006-06-28 12:00:00,-6.66187,2.3989985,26.533142,27.648071,1.0845717e-05,13.763664,340.19562,N
2006-06-28 15:00:00,-6.1837716,2.0322144,28.33783,27.648071,6.0608145e-06,12.652731,341.8076,N
2006-06-28 18:00:00,-5.6132045,0.281197,28.479126,27.648071,1.1697412e-06,10.924854,357.13214,N
2006-06-28 21:00:00,-6.2443542,-0.5971828,27.523346,27.648071,3.1897798e-07,12.193408,5.4628906,N
2006-06-29 00:00:00,-7.228123,0.71204275,26.404419,27.53189,2.7326634e-05,14.118324,354.37393,N
2006-06-29 03:00:00,-6.563962,1.9006817,25.98111,27.53189,3.8279686e-06,13.28344,343.85092,N
2006-06-29 06:00:00,-6.1040573,2.3403203,25.077026,27.53189,0.0001656611,12.707514,339.02298,N
2006-06-29 09:00:00,-6.215657,2.877397,24.759644,27.53189,0.00031016255,13.314072,335.1593,NW
2006-06-29 12:00:00,-6.8691273,3.33821,26.577759,27.53189,2.5944319e-05,14.8457155,334.0815,NW
2006-06-29 15:00:00,-5.382502,3.617246,27.342163,27.53189,0.0,12.605888,326.0974,NW
2006-06-29 18:00:00,-4.8595757,3.3877368,28.301422,27.53189,6.5498985e-05,11.515056,325.11865,NW
2006-06-29 21:00:00,-3.9752157,1.9512851,27.715485,27.53189,1.7012935e-06,8.607909,333.85532,NW
2006-06-30 00:00:00,-4.08419,0.39065805,26.870544,27.428375,0.0,7.975247,354.5362,N
2006-06-30 03:00:00,-5.7251797,0.75654495,26.314117,27.428375,0.0,11.225578,352.47235,N
2006-06-30 06:00:00,-6.1293783,2.4661107,25.86493,27.428375,3.8279686e-06,12.842735,338.08298,N
2006-06-30 09:00:00,-5.556936,3.975955,25.498901,27.428375,1.7012935e-06,13.281955,324.4165,NW
2006-06-30 12:00:00,-5.238078,4.8904033,27.40564,27.428375,0.0,13.929823,316.966,NW
2006-06-30 15:00:00,-5.429205,3.5399055,29.906403,27.428375,0.0,12.598602,326.89517,NW
2006-06-30 18:00:00,-6.558898,1.1183046,29.793396,27.428375,0.0,12.93344,350.324,N
2006-06-30 21:00:00,-6.957094,0.71473444,27.988617,27.428375,0.0,13.594657,354.1343,N
2006-07-01 00:00:00,-6.2659245,0.33287698,26.866608,27.352173,0.0,12.19713,356.959,N
2006-07-01 03:00:00,-6.4095974,0.785256,26.440033,27.352173,0.0,12.552386,353.01535,N
2006-07-01 06:00:00,-6.330821,2.566779,26.111267,27.352173,1.4354475e-05,13.279095,337.93033,N
2006-07-01 09:00:00,-4.80462,3.4309828,25.500122,27.352173,7.974682e-06,11.4762335,324.46933,NW
2006-07-01 12:00:00,-5.1204762,3.7843087,27.411316,27.352173,0.0,12.376671,323.5336,NW
2006-07-01 15:00:00,-5.2673383,2.2951005,30.032074,27.352173,0.0,11.168598,336.45615,NW
2006-07-01 18:00:00,-6.0108385,-0.6617828,29.543884,27.352173,0.0,11.754711,6.2828674,N
2006-07-01 21:00:00,-6.021529,-1.4933276,27.741608,27.352173,0.0,12.059463,13.928223,N
2006-07-02 00:00:00,-6.0254683,-0.8202321,26.335876,27.318024,0.0,11.82057,7.751892,N
2006-07-02 03:00:00,-5.988143,-0.0608238,26.169525,27.318024,0.0,11.640593,0.5819397,N
2006-07-02 06:00:00,-4.7984304,2.0751016,25.591705,27.318024,0.0,10.1622095,336.61374,NW
2006-07-02 09:00:00,-3.3390017,3.040871,25.22818,27.318024,0.0,8.77872,317.67548,NW
2006-07-02 12:00:00,-4.1496496,2.9066465,27.188904,27.318024,1.5098834e-05,9.848228,324.99045,NW
2006-07-02 15:00:00,-4.7922406,3.0602508,29.69403,27.318024,2.1280721e-07,11.052692,327.43832,NW
2006-07-02 18:00:00,-5.104721,-0.5661389,29.512604,27.318024,0.0,9.983599,6.3285217,N
2006-07-02 21:00:00,-6.219596,-1.2316978,27.680084,27.318024,0.0,12.32469,11.20163,N
2006-07-03 00:00:00,-6.1826463,-0.31527585,26.520142,27.333618,0.0,12.033691,2.9191895,N
2006-07-03 03:00:00,-6.6299844,-1.4348288,26.483307,27.333618,0.0,13.185975,12.211365,N
2006-07-03 06:00:00,-6.3837137,0.58463734,25.87149,27.333618,0.0002430689,12.460849,354.7673,N
2006-07-03 09:00:00,-6.229349,2.7742167,25.441742,27.333618,0.0005682239,13.255374,335.9944,NW
2006-07-03 12:00:00,-5.205067,4.0577817,26.349762,27.333618,0.0001158989,12.829097,322.06064,NW
2006-07-03 15:00:00,-4.601489,3.1801198,28.998383,27.333618,4.040543e-06,10.872804,325.35138,NW
2006-07-03 18:00:00,-4.6097417,0.2576898,29.135864,27.333618,0.0,8.97459,356.80045,N
2006-07-03 21:00:00,-4.942104,-1.4509788,27.796478,27.333618,0.0,10.01214,16.362,N
2006-07-04 00:00:00,-5.0377607,-0.5727784,26.368347,27.385406,0.0,9.855693,6.486511,N
2006-07-04 03:00:00,-5.523737,0.06676108,26.151062,27.385406,0.00025891187,10.738045,359.30756,N
2006-07-04 06:00:00,-5.19944,2.0429811,25.123474,27.385406,0.0006993278,10.859082,338.54898,N
2006-07-04 09:00:00,-5.860225,2.4499607,25.0849,27.385406,0.00023286114,12.346758,337.31186,NW
2006-07-04 12:00:00,-6.013652,2.4618042,27.006958,27.385406,2.7433038e-05,12.6311455,337.7373,N
2006-07-04 15:00:00,-5.081463,3.032078,29.395447,27.385406,9.356998e-06,11.502337,329.17572,NW
2006-07-04 18:00:00,-4.9304748,0.11305773,29.242767,27.385406,0.0,9.586574,358.6864,N
2006-07-04 21:00:00,-6.61723,-1.6128376,27.796478,27.385406,0.0,13.239388,13.697784,N
2006-07-05 00:00:00,-6.591909,-0.38454133,26.514343,27.453735,0.0,12.835401,3.3385925,N
2006-07-05 03:00:00,-5.927185,0.98659253,26.270844,27.453735,0.0,11.680018,350.54965,N
2006-07-05 06:00:00,-4.8623896,2.455703,25.660767,27.453735,0.0,10.588721,333.20438,NW
2006-07-05 09:00:00,-3.8431714,3.2987323,25.34021,27.453735,0.0,9.845046,319.3593,NW
2006-07-05 12:00:00,-4.5092077,4.134404,27.173492,27.453735,3.1367177e-05,11.89183,317.4829,NW
2006-07-05 15:00:00,-4.549909,3.1182113,29.60736,27.453735,4.253816e-07,10.721986,325.5758,NW
2006-07-05 18:00:00,-4.657195,-0.786676,29.470306,27.453735,0.0,9.181085,9.587677,N
2006-07-05 21:00:00,-5.8896728,-2.4526367,27.645874,27.453735,0.0,12.401588,22.608307,NE
2006-07-06 00:00:00,-6.095617,-0.65065724,26.266693,27.522125,0.0,11.916215,6.0927734,N
2006-07-06 03:00:00,-5.13867,-0.10191655,26.021332,27.522125,0.0,9.990717,1.1362,N
2006-07-06 06:00:00,-4.503769,1.1484513,25.459656,27.522125,0.0,9.034753,345.69458,N
2006-07-06 09:00:00,-3.6503563,3.4180627,24.746185,27.522125,0.00015439023,9.720804,316.88226,NW
2006-07-06 12:00:00,-4.5677276,3.1476402,26.788696,27.522125,2.4562236e-05,10.78293,325.4291,NW
2006-07-06 15:00:00,-5.292472,1.6634564,27.609467,27.522125,2.3073517e-05,10.783906,342.55176,N
2006-07-06 18:00:00,-5.810521,-0.9939341,28.006226,27.522125,4.3914188e-05,11.458778,9.70694,N
2006-07-06 21:00:00,-6.3906536,0.32390475,26.528442,27.522125,6.1883824e-05,12.4383545,357.0985,N
2006-07-07 00:00:00,-5.983079,1.4255133,25.852692,27.570953,0.00036385888,11.955694,346.5987,N
2006-07-07 03:00:00,-5.9915195,1.9819701,25.170044,27.570953,0.000711662,12.267234,341.69598,N
2006-07-07 06:00:00,-5.6597204,1.7833252,24.453064,27.570953,0.0004610438,11.534801,342.51083,N
2006-07-07 09:00:00,-5.9024267,2.1924582,24.633423,27.570953,0.0006377632,12.239327,339.62247,N
2006-07-07 12:00:00,-5.5303016,3.227134,25.764587,27.570953,1.4887191e-06,12.446442,329.73486,NW
2006-07-07 15:00:00,-4.844946,3.137053,28.677399,27.570953,5.316455e-06,11.219612,327.07736,NW
2006-07-07 18:00:00,-5.5529966,0.7447016,28.300873,27.570953,4.253816e-07,10.890771,352.36176,N
2006-07-07 21:00:00,-5.40576,-0.8021082,27.369568,27.570953,0.0,10.622977,8.439972,N
2006-07-08 00:00:00,-6.1008687,0.704865,26.662994,27.556274,0.0,11.938001,353.40955,N
2006-07-08 03:00:00,-5.460903,0.23992482,26.24768,27.556274,0.0,10.625362,357.4843,N
2006-07-08 06:00:00,-4.9346013,1.8570769,25.460327,27.556274,4.572328e-06,10.248854,339.37677,N
2006-07-08 09:00:00,-4.307953,3.042486,24.60904,27.556274,0.00010324572,10.251831,324.7684,NW
2006-07-08 12:00:00,-5.1319175,2.5206618,26.415894,27.556274,6.911415e-05,11.113991,333.84094,NW
2006-07-08 15:00:00,-4.664135,2.3821309,28.636078,27.556274,1.5417812e-05,10.18036,332.94507,NW
2006-07-08 18:00:00,-4.0629954,0.7813083,29.664764,27.556274,1.3823155e-06,8.042514,349.115,N
2006-07-08 21:00:00,-4.548784,-1.4581563,28.128845,27.556274,0.0,9.285302,17.773743,N
2006-07-09 00:00:00,-6.168579,-0.40302402,26.68988,27.474243,0.0,12.016296,3.7380981,N
2006-07-09 03:00:00,-5.99302,1.3564272,26.162964,27.474243,0.0,11.944131,347.24686,N
2006-07-09 06:00:00,-4.7382226,2.4391942,25.682526,27.474243,0.0,10.359121,332.761,NW
2006-07-09 09:00:00,-3.9583352,3.1081624,25.428864,27.474243,0.0,9.782961,321.8603,NW
2006-07-09 12:00:00,-4.5909853,3.657262,27.187927,27.474243,2.3392495e-06,11.409647,321.45853,NW
2006-07-09 15:00:00,-5.1005945,3.7954342,30.184448,27.474243,5.317852e-07,12.35851,323.34647,NW
2006-07-09 18:00:00,-6.170079,2.0293434,30.222809,27.474243,0.0,12.625702,341.79395,N
2006-07-09 21:00:00,-6.600912,-0.0688988,28.415192,27.474243,0.0,12.831816,0.59802246,N
2006-07-10 00:00:00,-7.513219,0.52003735,26.857758,27.370728,0.0,14.639439,356.04053,N
2006-07-10 03:00:00,-7.457513,1.3128223,26.56189,27.370728,1.2761448e-06,14.719118,350.01593,N
2006-07-10 06:00:00,-6.4589267,1.1988752,25.630707,27.370728,5.8374833e-05,12.769569,349.4847,N
2006-07-10 09:00:00,-6.2944336,2.3986397,25.801208,27.370728,0.00021116994,13.093659,339.1395,N
2006-07-10 12:00:00,-5.7773223,3.5291388,27.475494,27.370728,2.6688678e-05,13.159707,328.58087,NW
2006-07-10 15:00:00,-5.426204,2.2294238,30.041931,27.370728,3.1897798e-07,11.403239,337.6641,N
2006-07-10 18:00:00,-6.16389,-1.049562,29.734802,27.370728,0.0,12.154071,9.663422,N
2006-07-10 21:00:00,-7.709035,-1.435008,27.968933,27.370728,0.0,15.24254,10.544708,N
2006-07-11 00:00:00,-7.7977524,-0.6499395,26.879303,27.291656,0.0,15.210143,4.764557,N
2006-07-11 03:00:00,-7.635135,0.51034737,26.472595,27.291656,0.000117068645,14.874599,356.17593,N
2006-07-11 06:00:00,-6.7370825,1.5861158,25.807983,27.291656,0.0009854599,13.453851,346.75208,N
2006-07-11 09:00:00,-6.5210104,1.855103,26.064606,27.291656,0.0069680773,13.178745,344.11996,N
2006-07-11 12:00:00,-5.5837574,1.7544346,26.264832,27.291656,0.00019405107,11.377093,342.55713,N
2006-07-11 15:00:00,-6.8891964,3.1524851,27.922058,27.291656,1.9141007e-06,14.72697,335.41125,NW
2006-07-11 18:00:00,-6.738021,0.32282808,27.532318,27.291656,0.00034174253,13.1126585,357.257,N
2006-07-11 21:00:00,-6.4641786,0.5849962,26.893158,27.291656,1.2761448e-06,12.616679,354.82892,N
2006-07-12 00:00:00,-7.632697,1.0935414,26.303864,27.28189,2.5520567e-06,14.988241,351.84668,N
2006-07-12 03:00:00,-5.7943907,2.7333033,25.789948,27.28189,6.3797925e-06,12.453616,334.74603,NW
2006-07-12 06:00:00,-5.5128584,3.0432036,25.297028,27.28189,8.825446e-06,12.240436,331.10046,NW
2006-07-12 09:00:00,-5.798142,2.9590442,25.061401,27.28189,8.942303e-05,12.653546,332.9628,NW
2006-07-12 12:00:00,-5.1424212,4.850387,26.931305,27.28189,3.1898962e-05,13.741004,316.67395,NW
2006-07-12 15:00:00,-5.533678,3.6359081,29.409546,27.28189,0.0,12.87072,326.69305,NW
2006-07-12 18:00:00,-5.54043,1.0138681,29.836792,27.28189,0.0,10.948547,349.6299,N
2006-07-12 21:00:00,-5.5755043,-0.7125655,28.173218,27.28189,0.0,10.926041,7.283081,N
2006-07-13 00:00:00,-5.834154,-0.08935547,26.475006,27.333893,0.0,11.341992,0.8774719,N
2006-07-13 03:00:00,-6.790351,1.3557094,26.141998,27.333893,9.56934e-07,13.459855,348.70923,N
2006-07-13 06:00:00,-6.3266945,4.152169,24.883484,27.333893,0.0005890643,14.710075,326.72336,NW
2006-07-13 09:00:00,-3.9365778,3.8198385,24.959106,27.333893,2.0096311e-05,10.66242,315.86227,NW
2006-07-13 12:00:00,-3.4828625,4.547485,26.871979,27.333893,0.0,11.134311,307.44806,NW
2006-07-13 15:00:00,-6.004836,3.347541,29.521362,27.333893,0.0,13.363684,330.86145,NW
2006-07-13 18:00:00,-6.899325,0.53367513,29.257751,27.333893,0.0,13.451246,355.57687,N
2006-07-13 21:00:00,-6.9940443,-1.226135,27.565887,27.333893,0.0,13.802641,9.9435425,N
2006-07-14 00:00:00,-7.5766153,0.53223956,26.209106,27.401245,0.0,14.764023,355.98172,N
2006-07-14 03:00:00,-5.816523,2.0576956,25.987,27.401245,0.0,11.993045,340.51788,N
2006-07-14 06:00:00,-5.3594317,2.5669584,25.424255,27.401245,4.1469466e-06,11.551184,334.4074,NW
2006-07-14 09:00:00,-5.360557,4.635951,25.047302,27.401245,9.399513e-05,13.776275,319.14587,NW
2006-07-14 12:00:00,-4.3955445,6.1413093,26.734802,27.401245,0.0,14.680367,305.5926,NW
2006-07-14 15:00:00,-4.3917933,4.081827,29.510223,27.401245,0.0,11.654802,317.09494,NW
2006-07-14 18:00:00,-5.3346734,-0.15646762,29.546814,27.401245,0.0,10.374211,1.6800232,N
2006-07-14 21:00:00,-5.961322,-1.2282884,27.372437,27.401245,0.0,11.831273,11.642456,N
2006-07-15 00:00:00,-6.2473555,0.07734829,26.145386,27.470367,0.0,12.144791,359.29065,N
2006-07-15 03:00:00,-5.3155417,1.1866729,25.586548,27.470367,0.0,10.586913,347.4153,N
2006-07-15 06:00:00,-4.8220634,2.304611,25.009705,27.470367,0.0,10.388825,334.45544,NW
2006-07-15 09:00:00,-3.7848392,3.4665127,24.46817,27.470367,0.0,9.9766,317.5136,NW
2006-07-15 12:00:00,-4.7179656,3.8456786,26.694244,27.470367,6.167218e-06,11.8316555,320.81604,NW
2006-07-15 15:00:00,-4.8044324,2.4365025,29.511078,27.470367,0.0,10.471349,333.10876,NW
2006-07-15 18:00:00,-5.741498,-1.1103935,28.95697,27.470367,0.0,11.367355,10.94574,N
2006-07-15 21:00:00,-7.3350344,-0.91928536,27.189575,27.470367,0.0,14.369674,7.143524,N
2006-07-16 00:00:00,-7.197363,0.98784864,26.459808,27.531128,0.0,14.121683,352.1849,N
2006-07-16 03:00:00,-6.755089,1.2256124,25.9245,27.531128,0.0,13.345187,349.71637,N
2006-07-16 06:00:00,-6.1614513,2.2147093,25.1073,27.531128,0.0,12.727095,340.22922,N
2006-07-16 09:00:00,-5.0628943,3.4455178,24.61145,27.531128,0.0,11.904254,325.76303,NW
2006-07-16 12:00:00,-4.7095256,3.5662837,26.792389,27.531128,1.2015225e-05,11.483146,322.8652,NW
2006-07-16 15:00:00,-5.6844788,1.6024454,29.487488,27.531128,1.3823155e-06,11.480367,344.25696,N
2006-07-16 18:00:00,-5.7820115,-1.0872452,29.500366,27.531128,0.0,11.436283,10.649506,N
2006-07-16 21:00:00,-5.7927027,-1.8877461,27.385223,27.531128,0.0,11.842915,18.049927,N
2006-07-17 00:00:00,-6.1984015,-0.47946733,26.255554,27.57019,0.0,12.084694,4.423218,N
2006-07-17 03:00:00,-5.1619277,0.21587929,25.788757,27.57019,0.0,10.042733,357.6052,N
2006-07-17 06:00:00,-4.6360006,1.7562292,25.257477,27.57019,0.0,9.636595,339.2521,N
2006-07-17 09:00:00,-4.042176,3.7064297,24.88327,27.57019,4.253816e-07,10.660471,317.48108,NW
2006-07-17 12:00:00,-5.365246,3.607197,27.058746,27.57019,2.0734267e-05,12.567152,326.08603,NW
2006-07-17 15:00:00,-5.328859,2.635865,29.53305,27.57019,1.2972159e-05,11.556373,333.68118,NW
2006-07-17 18:00:00,-4.9541078,-0.18320483,29.549438,27.57019,0.0,9.636576,2.117859,N
2006-07-17 21:00:00,-5.433894,-1.2496424,27.597992,27.57019,1.7012935e-06,10.838335,12.951233,N
2006-07-18 00:00:00,-6.58797,-0.44716734,26.914276,27.561188,2.1280721e-07,12.835425,3.8830872,N
2006-07-18 03:00:00,-5.6231456,1.3420718,26.629333,27.561188,7.4435957e-07,11.237501,346.5764,N
2006-07-18 06:00:00,-6.090553,2.294921,26.038483,27.561188,0.00026433473,12.651621,339.35358,N
2006-07-18 09:00:00,-5.029508,2.7612967,25.86612,27.561188,2.1797605e-05,11.153089,331.23236,NW
2006-07-18 12:00:00,-5.052016,3.1291575,27.177887,27.561188,3.402587e-06,11.551463,328.22644,NW
2006-07-18 15:00:00,-4.738035,3.5147831,28.420319,27.561188,0.0,11.46745,323.43112,NW
2006-07-18 18:00:00,-5.229638,1.508596,29.5419,27.561188,0.0,10.580094,343.90872,N
2006-07-18 21:00:00,-6.9392757,-2.559765,27.91858,27.561188,0.0,14.3773155,20.248047,N
2006-07-19 00:00:00,-6.723766,-0.48305625,26.737,27.499634,0.0,13.103611,4.109253,N
2006-07-19 03:00:00,-6.980915,1.526361,26.409119,27.499634,0.0,13.890359,347.6665,N
2006-07-19 06:00:00,-5.967511,2.7939556,25.568298,27.499634,0.0,12.808324,334.91125,NW
2006-07-19 09:00:00,-4.6603837,3.227134,25.28775,27.499634,0.0,11.018945,325.29892,NW
2006-07-19 12:00:00,-4.2835693,3.6647987,27.103882,27.499634,0.0,10.958107,319.45142,NW
2006-07-19 15:00:00,-4.2089195,1.9572067,30.154724,27.499634,0.0,9.022781,335.0609,NW
2006-07-19 18:00:00,-4.8456964,-2.2782168,29.555359,27.499634,0.0,10.40836,25.180695,NE
2006-07-19 21:00:00,-6.692443,-2.3514302,27.840515,27.499634,0.0,13.788667,19.359222,N
2006-07-20 00:00:00,-6.859374,-0.58480114,26.67743,27.40982,0.0,13.381896,4.8730164,N
2006-07-20 03:00:00,-6.313753,0.5745884,26.319275,27.40982,0.0,12.323644,354.80008,N
2006-07-20 06:00:00,-5.846158,1.7045491,25.594116,27.40982,0.0,11.83718,343.74503,N
2006-07-20 09:00:00,-5.5059185,2.7740371,25.162292,27.40982,2.126675e-06,11.984278,333.25974,NW
2006-07-20 12:00:00,-6.4587393,1.964205,27.324127,27.40982,3.6683632e-05,13.122491,343.08466,N
2006-07-20 15:00:00,-6.433043,0.841781,29.144196,27.40982,5.316455e-06,12.611408,352.54504,N
2006-07-20 18:00:00,-6.4859357,-1.1836069,28.60318,27.40982,5.84824e-06,12.815831,10.3420105,N
2006-07-20 21:00:00,-7.0456243,-1.5231154,27.263336,27.40982,0.0,14.011932,12.198425,N
2006-07-21 00:00:00,-7.0321198,0.3540514,26.398834,27.314087,0.0,13.686629,357.1177,N
2006-07-21 03:00:00,-6.4452343,0.7920749,25.974548,27.314087,0.0,12.622758,352.99387,N
2006-07-21 06:00:00,-6.886195,0.9772614,25.698364,27.314087,8.507632e-07,13.519785,351.92276,N
2006-07-21 09:00:00,-6.3696465,2.368852,25.528961,27.314087,2.5520567e-06,13.210085,339.59998,N
2006-07-21 12:00:00,-6.769906,3.5007865,27.105865,27.314087,6.6668494e-05,14.814961,332.65607,NW
2006-07-21 15:00:00,-6.0701084,1.9012201,30.026733,27.314087,1.06403604e-07,12.364542,342.60892,N
2006-07-21 18:00:00,-6.217345,-0.91802925,29.506927,27.314087,0.0,12.21656,8.399384,N
2006-07-21 21:00:00,-6.9602833,-1.4055793,27.855377,27.314087,0.0,13.802797,11.416931,N
2006-07-22 00:00:00,-7.003047,-0.07320547,26.754578,27.235016,0.0,13.613547,0.5989075,N
2006-07-22 03:00:00,-7.1172733,1.2187934,26.199158,27.235016,0.0,14.036226,350.28268,N
2006-07-22 06:00:00,-7.427315,2.4047408,25.762085,27.235016,0.0,15.175378,342.0596,N
2006-07-22 09:00:00,-6.2250357,3.8833618,25.415955,27.235016,0.0,14.261954,328.04288,NW
2006-07-22 12:00:00,-5.5209236,4.411825,27.49408,27.235016,0.0,13.737435,321.3713,NW
2006-07-22 15:00:00,-5.314229,1.7495897,30.227386,27.235016,0.0,10.875449,341.77704,N
2006-07-22 18:00:00,-5.6458406,-0.56990725,29.628021,27.235016,0.0,11.030381,5.7640686,N
2006-07-22 21:00:00,-6.627733,-1.2302623,28.178894,27.235016,0.0,13.103327,10.515747,N
2006-07-23 00:00:00,-8.095978,-0.43173522,26.546814,27.19397,0.0,15.759646,3.0525208,N
2006-07-23 03:00:00,-7.6518283,1.2094624,26.044067,27.19397,0.0,15.058586,351.01804,N
2006-07-23 06:00:00,-6.9132047,1.8750212,25.697601,27.19397,0.0,13.923663,344.82513,N
2006-07-23 09:00:00,-6.4366064,2.7144618,25.493988,27.19397,0.0,13.578833,337.13376,NW
2006-07-23 12:00:00,-6.6990075,3.3825328,27.593414,27.19397,0.0,14.587639,333.2094,NW
2006-07-23 15:00:00,-6.748337,1.6347454,30.266968,27.19397,0.0,13.497088,346.38275,N
2006-07-23 18:00:00,-7.5794287,-0.75473493,29.73404,27.19397,0.0,14.80606,5.6865845,N
2006-07-23 21:00:00,-8.580641,-1.1852217,27.241608,27.19397,0.0,16.837755,7.8643494,N
2006-07-24 00:00:00,-8.122987,0.99018145,26.516968,27.187164,0.0,15.906667,353.05002,N
2006-07-24 03:00:00,-7.3541656,2.0187562,26.034546,27.187164,0.0,14.824139,344.65012,N
2006-07-24 06:00:00,-6.491563,2.7420962,25.436188,27.187164,0.0002459397,13.69814,337.10034,NW
2006-07-24 09:00:00,-6.3017488,2.9263854,25.185455,27.187164,4.253816e-07,13.50595,335.09094,NW
2006-07-24 12:00:00,-6.44561,2.7458644,26.833923,27.187164,0.0,13.618769,336.92575,NW
2006-07-24 15:00:00,-5.89755,1.6980891,29.011383,27.187164,0.0,11.929637,343.93723,N
2006-07-24 18:00:00,-5.8707285,-1.3650248,28.178131,27.187164,3.1897798e-07,11.716171,13.089478,N
2006-07-24 21:00:00,-5.9487553,-2.2274342,27.307281,27.187164,0.0,12.347463,20.527771,N
2006-07-25 00:00:00,-5.9870176,0.15612435,26.241547,27.201782,0.0,11.641761,358.50623,N
2006-07-25 03:00:00,-4.7984304,1.1568851,25.99237,27.201782,0.0,9.594641,346.4449,N
2006-07-25 06:00:00,-5.482098,2.1515448,25.350922,27.201782,0.0,11.44764,338.57162,N
2006-07-25 09:00:00,-4.810247,3.109957,24.772095,27.201782,8.507632e-07,11.134371,327.1162,NW
2006-07-25 12:00:00,-5.3181677,3.7992024,26.89273,27.201782,3.8279686e-06,12.704574,324.45868,NW
2006-07-25 15:00:00,-5.755002,1.4264104,29.951752,27.201782,0.0,11.525298,346.07944,N
2006-07-25 18:00:00,-6.1498227,-1.8640594,29.009857,27.201782,1.5951227e-06,12.491352,16.862457,N
2006-07-25 21:00:00,-7.24144,-1.6614668,27.429352,27.201782,1.0633375e-06,14.44195,12.922211,N
2006-07-26 00:00:00,-6.7303305,0.16689098,26.668121,27.221313,0.0,13.086706,358.57953,N
2006-07-26 03:00:00,-6.016465,0.24656427,26.350525,27.221313,0.0,11.704863,357.65323,N
2006-07-26 06:00:00,-5.706986,1.3449428,25.941559,27.221313,0.0,11.397363,346.7393,N
2006-07-26 09:00:00,-5.3609324,3.2050624,25.730621,27.221313,0.00011441042,12.141148,329.12668,NW
2006-07-26 12:00:00,-6.9917936,3.5540814,27.575806,27.221313,1.573679e-05,15.246036,333.05478,NW
2006-07-26 15:00:00,-6.383151,1.2150252,29.543335,27.221313,4.997477e-06,12.6306095,349.22275,N
2006-07-26 18:00:00,-6.632985,-1.5611575,29.147888,27.221313,2.5520567e-06,13.2457695,13.244232,N
2006-07-26 21:00:00,-7.5477304,-1.3953509,27.78183,27.221313,0.0,14.92019,10.47403,N
2006-07-27 00:00:00,-7.499339,-0.7870348,26.649109,27.234253,0.0,14.657574,5.991089,N
2006-07-27 03:00:00,-7.4571376,-0.1326015,26.368988,27.234253,0.0,14.497774,1.0187073,N
2006-07-27 06:00:00,-7.1746674,2.5335817,25.391266,27.234253,0.00016002567,14.790424,340.5504,N
2006-07-27 09:00:00,-6.014965,3.0658135,25.300415,27.234253,3.5195146e-05,13.123299,332.99216,NW
2006-07-27 12:00:00,-7.2872057,3.5869198,27.117554,27.234253,1.4035497e-05,15.788165,333.7926,NW
2006-07-27 15:00:00,-7.2149935,1.6625593,29.318726,27.234253,2.8921757e-05,14.392324,347.02377,N
2006-07-27 18:00:00,-6.9544687,0.14930546,29.207672,27.234253,3.083609e-06,13.52149,358.7701,N
2006-07-27 21:00:00,-8.007448,-1.5012231,27.924255,27.234253,0.0,15.83638,10.618469,N
2006-07-28 00:00:00,-8.002946,-0.20868593,26.802338,27.226715,0.0,15.561733,1.4937134,N
2006-07-28 03:00:00,-6.5628366,0.7418305,26.199158,27.226715,4.253816e-07,12.838345,353.55093,N
2006-07-28 06:00:00,-6.5590854,1.3444045,25.766449,27.226715,2.9772054e-06,13.014879,348.41663,N
2006-07-28 09:00:00,-6.871566,2.729535,25.654205,27.226715,3.8279686e-06,14.372431,338.33594,N
2006-07-28 12:00:00,-6.177582,3.6624658,27.452759,27.226715,0.0,13.95999,329.33783,NW
2006-07-28 15:00:00,-4.9310374,1.9218562,30.476685,27.226715,0.0,10.287426,338.70682,N
2006-07-28 18:00:00,-6.4705553,-1.6783347,30.019958,27.226715,0.0,12.993941,14.540955,N
2006-07-28 21:00:00,-8.126925,-1.1985006,28.217468,27.226715,0.0,15.968303,8.389099,N
2006-07-29 00:00:00,-7.6829634,-0.23165476,26.800934,27.20227,0.0,14.941239,1.7270508,N
2006-07-29 03:00:00,-7.973686,0.34256697,26.294342,27.20227,0.0,15.513867,357.53995,N
2006-07-29 06:00:00,-7.498214,1.183443,25.729858,27.20227,4.8698857e-05,14.755749,351.031,N
2006-07-29 09:00:00,-6.753213,1.6835542,25.621216,27.20227,6.337231e-05,13.528936,346.00168,N
2006-07-29 12:00:00,-7.7313547,1.6559198,26.985748,27.20227,2.1797605e-05,15.369361,347.91092,N
2006-07-29 15:00:00,-7.599498,0.2831709,28.950836,27.20227,1.01013575e-05,14.782459,357.86606,N
2006-07-29 18:00:00,-7.4595757,-1.6693623,28.485046,27.20227,3.689644e-05,14.858878,12.614258,N
2006-07-29 21:00:00,-7.1320906,-1.0474086,27.253296,27.20227,1.2653181e-05,14.012347,8.354645,N
2006-07-30 00:00:00,-7.7958765,-0.11519545,26.538513,27.173492,0.0,15.155591,0.8465576,N
2006-07-30 03:00:00,-6.9621587,0.80499494,26.102203,27.173492,0.0,13.623486,353.4045,N
2006-07-30 06:00:00,-5.964135,1.2074885,25.579468,27.173492,0.0,11.828539,348.5547,N
2006-07-30 09:00:00,-5.709237,1.853488,25.422516,27.173492,4.253816e-07,11.668029,342.01413,N
2006-07-30 12:00:00,-7.0137386,1.2616806,27.540619,27.173492,1.5524216e-05,13.852417,349.8023,N
2006-07-30 15:00:00,-7.2014894,-0.590005,29.41742,27.173492,3.402587e-06,14.045445,4.6836853,N
2006-07-30 18:00:00,-6.7819104,-2.1400447,29.010834,27.173492,1.9141007e-06,13.8237095,17.513184,N
2006-07-30 21:00:00,-7.4466343,-1.8579583,27.447632,27.173492,0.0,14.918814,14.00943,N
2006-07-31 00:00:00,-7.8868446,-0.47946733,26.346588,27.152985,0.0,15.359068,3.4789124,N
2006-07-31 03:00:00,-6.7080107,0.21659708,25.87738,27.152985,0.0,13.046095,358.1506,N
2006-07-31 06:00:00,-5.328296,1.2451718,25.398804,27.152985,0.0,10.63641,346.8466,N
2006-07-31 09:00:00,-4.4411225,2.030061,25.007751,27.152985,0.0,9.491976,335.4346,NW
2006-07-31 12:00:00,-5.626897,1.7504869,27.096558,27.152985,0.0,11.454839,342.71945,N
2006-07-31 15:00:00,-6.0547285,-0.16077429,29.582123,27.152985,0.0,11.773572,1.5210571,N
2006-07-31 18:00:00,-6.6136665,-2.6866322,27.928406,27.152985,6.6668494e-05,13.876155,22.108185,N
2006-07-31 21:00:00,-7.757614,-1.8392961,26.94104,27.152985,9.56934e-07,15.49761,13.338287,N
2006-08-01 00:00:00,-7.367482,-1.0892191,26.26944,27.151733,0.0,14.476871,8.4097595,N
2006-08-01 03:00:00,-6.7560267,-0.7080794,26.234558,27.151733,0.0,13.204566,5.9831543,N
2006-08-01 06:00:00,-5.6178937,0.8170177,25.97815,27.151733,0.0,11.035166,351.7254,N
2006-08-01 09:00:00,-6.0106506,2.9360754,25.595428,27.151733,5.84824e-06,13.00318,333.96548,NW
2006-08-01 12:00:00,-4.933288,4.165448,27.861725,27.151733,1.06403604e-07,12.550689,319.82373,NW
2006-08-01 15:00:00,-4.352593,1.1690874,30.403473,27.151733,1.0633375e-06,8.760625,344.96545,N
2006-08-01 18:00:00,-4.901965,-2.150632,29.680603,27.151733,0.0,10.405352,23.688416,NE
2006-08-01 21:00:00,-5.6102037,-2.8689475,28.01648,27.151733,0.0,12.248544,27.08429,NE
2006-08-02 00:00:00,-5.822337,-1.2153685,26.578949,27.184204,0.0,11.561638,11.790741,N
2006-08-02 03:00:00,-5.106409,-0.5751112,26.240356,27.184204,0.0,9.988797,6.425873,N
2006-08-02 06:00:00,-5.295285,2.0528505,25.752563,27.184204,9.803567e-05,11.039615,338.80994,N
2006-08-02 09:00:00,-4.199541,3.3593845,25.366882,27.184204,3.147358e-05,10.453741,321.34225,NW
2006-08-02 12:00:00,-4.387667,2.8806272,27.171753,27.184204,2.2116583e-05,10.202779,326.714,NW
2006-08-02 15:00:00,-2.8417716,1.4651704,29.869995,27.184204,1.0951888e-05,6.2149367,332.72513,NW
2006-08-02 18:00:00,-3.443662,-2.249147,29.248657,27.184204,0.0,7.9951797,33.149628,NE
2006-08-02 21:00:00,-6.524011,-3.6235108,27.341492,27.184204,0.0,14.506381,29.048279,NE
2006-08-03 00:00:00,-5.6698484,-1.3510282,26.339478,27.233795,0.0,11.329846,13.402679,N
2006-08-03 03:00:00,-3.8531122,-0.46565014,25.994568,27.233795,0.0,7.544329,6.890808,N
2006-08-03 06:00:00,-4.1755333,0.21552041,25.356812,27.233795,0.0,8.127374,357.0453,N
2006-08-03 09:00:00,-4.7566037,2.338167,25.13681,27.233795,2.5200192e-05,10.302774,333.823,NW
2006-08-03 12:00:00,-5.14017,2.697594,26.717438,27.233795,1.9564759e-05,11.284047,332.30923,NW
2006-08-03 15:00:00,-3.6494186,2.5807757,29.204529,27.233795,1.1271099e-05,8.6884775,324.73303,NW
2006-08-03 18:00:00,-2.7920675,-0.5094345,29.349762,27.233795,0.0,5.5169334,10.340332,N
2006-08-03 21:00:00,-5.255334,-2.8560276,27.753326,27.233795,0.0,11.626606,28.522003,NE
2006-08-04 00:00:00,-6.35633,-1.4192171,26.523315,27.271637,0.0,12.659923,12.586334,N
2006-08-04 03:00:00,-5.0820255,-0.29248637,26.12561,27.271637,0.0,9.894992,3.2939148,N
2006-08-04 06:00:00,-5.34649,0.8807204,25.235931,27.271637,0.0,10.5327835,350.64575,N
2006-08-04 09:00:00,-4.543907,3.1501524,24.703247,27.271637,8.507632e-07,10.747616,325.2676,NW
2006-08-04 12:00:00,-3.8568635,3.1639698,26.848785,27.271637,0.0,9.697035,320.63632,NW
2006-08-04 15:00:00,-3.5051825,0.7543916,30.246521,27.271637,0.0,6.9695306,347.85397,N
2006-08-04 18:00:00,-4.0830646,-1.9780066,29.52771,27.271637,0.0,8.819107,25.847473,NE
2006-08-04 21:00:00,-5.819149,-2.5990634,28.033112,27.271637,0.0,12.3884735,24.067444,NE
2006-08-05 00:00:00,-5.886109,-0.9128253,26.53775,27.271149,0.0,11.5784235,8.815277,N
2006-08-05 03:00:00,-6.131817,1.8764567,25.994568,27.271149,0.0,12.464891,342.98486,N
2006-08-05 06:00:00,-6.5408916,2.3004837,25.320007,27.271149,0.0,13.477904,340.62283,N
2006-08-05 09:00:00,-6.258234,3.7622368,25.007202,27.271149,0.000108774984,14.1940155,328.98715,NW
2006-08-05 12:00:00,-5.2384534,4.50388,27.293854,27.271149,6.3795596e-07,13.428872,319.31195,NW
2006-08-05 15:00:00,-3.951583,2.1745138,30.666656,27.271149,0.0,8.767455,331.17648,NW
2006-08-05 18:00:00,-4.9854307,-1.8502421,29.891205,27.271149,0.0,10.336754,20.36139,N
2006-08-05 21:00:00,-6.8115454,-1.7786441,28.110474,27.271149,0.0,13.684513,14.634399,N
2006-08-06 00:00:00,-6.9028883,0.5622068,26.757202,27.20401,0.0,13.462541,355.3438,N
2006-08-06 03:00:00,-6.3323216,1.4107988,26.060883,27.20401,0.0,12.610811,347.44,N
2006-08-06 06:00:00,-7.5407906,2.5777252,25.212341,27.20401,0.0,15.490855,341.12766,N
2006-08-06 09:00:00,-5.677539,5.0108104,25.160767,27.20401,0.0,14.719717,318.56943,NW
2006-08-06 12:00:00,-5.229638,6.5662336,27.393402,27.20401,0.0,16.317207,308.53537,NW
2006-08-06 15:00:00,-4.916595,4.146068,30.836395,27.20401,0.0,12.501595,319.85974,NW
2006-08-06 18:00:00,-5.224949,-0.7567088,30.45111,27.20401,0.0,10.262425,8.240631,N
2006-08-06 21:00:00,-7.7653036,-1.7416785,27.934204,27.20401,0.0,15.4695215,12.641632,N
2006-08-07 00:00:00,-7.843705,0.79171604,26.468445,27.093658,0.0,15.324381,354.2363,N
2006-08-07 03:00:00,-7.529912,1.8283658,25.850952,27.093658,0.0,15.062251,346.35193,N
2006-08-07 06:00:00,-7.27689,2.8124382,25.531586,27.093658,0.0,15.164809,338.86902,N
2006-08-07 09:00:00,-6.3842764,4.0387607,25.225006,27.093658,0.0,14.684752,327.68213,NW
2006-08-07 12:00:00,-5.655406,5.224349,27.450134,27.093658,0.0,14.965982,317.2689,NW
2006-08-07 15:00:00,-6.020404,3.0157487,30.26181,27.093658,0.0,13.088844,333.39273,NW
2006-08-07 18:00:00,-6.621919,-0.74576265,29.790436,27.093658,0.0,12.953323,6.425598,N
2006-08-07 21:00:00,-8.236837,-1.2447972,27.535583,27.093658,0.0,16.192902,8.593842,N
2006-08-08 00:00:00,-7.053502,0.10731548,26.310425,26.986969,0.0,13.712466,359.12833,N
2006-08-08 03:00:00,-6.911704,1.1371462,25.690277,26.986969,0.0,13.615869,350.65714,N
2006-08-08 06:00:00,-6.6965694,2.3920002,25.238129,26.986969,0.0,13.822563,340.34338,N
2006-08-08 09:00:00,-5.700609,3.3561544,24.733307,26.986969,0.0,12.858869,329.51315,NW
2006-08-08 12:00:00,-5.2754035,4.5634556,27.35733,26.986969,0.0,13.558895,319.13876,NW
2006-08-08 15:00:00,-5.6874795,1.7660985,30.539642,26.986969,0.0,11.576303,342.74918,N
2006-08-08 18:00:00,-6.9595327,-1.5408802,29.688568,26.986969,0.0,13.855831,12.484222,N
2006-08-08 21:00:00,-8.440531,-1.273329,27.714722,26.986969,0.0,16.592691,8.578888,N
2006-08-09 00:00:00,-7.7186007,0.18842432,27.279968,26.88565,0.0,15.008195,358.6016,N
2006-08-09 03:00:00,-8.366818,2.080126,26.557312,26.88565,0.0,16.758852,346.0384,N
2006-08-09 06:00:00,-7.1761684,2.9341016,26.144165,26.88565,4.253816e-07,15.070257,337.76196,N
2006-08-09 09:00:00,-6.3932796,3.305013,26.04898,26.88565,2.1478627e-05,13.989861,332.66324,NW
2006-08-09 12:00:00,-7.9479904,3.2587163,27.734528,26.88565,1.9883737e-05,16.697775,337.70612,N
2006-08-09 15:00:00,-8.308487,1.0824158,29.12439,26.88565,2.7220463e-05,16.286848,352.5774,N
2006-08-09 18:00:00,-8.100104,-0.26162195,28.733032,26.88565,6.0608145e-06,15.753517,1.8499146,N
2006-08-09 21:00:00,-7.5976224,0.14517826,27.314056,26.88565,4.253816e-07,14.771258,358.9053,N
2006-08-10 00:00:00,-7.697406,1.171779,26.467468,26.79187,0.0,15.134904,351.3443,N
2006-08-10 03:00:00,-7.3714213,1.5017772,26.09195,26.79187,0.0,14.623206,348.48474,N
2006-08-10 06:00:00,-6.816422,2.2357042,25.543823,26.79187,0.0,13.944527,341.84113,N
2006-08-10 09:00:00,-6.0802364,3.2597928,25.450378,26.79187,0.0,13.410458,331.80295,NW
2006-08-10 12:00:00,-6.2152824,4.2790365,28.02185,26.79187,0.0,14.66793,325.45374,NW
2006-08-10 15:00:00,-7.1493464,2.1316266,30.219086,26.79187,0.0,14.501747,343.3977,N
2006-08-10 18:00:00,-7.6598935,-0.07589716,29.731873,26.79187,0.0,14.890339,0.567688,N
2006-08-10 21:00:00,-8.242277,-1.2740467,28.399017,26.79187,0.0,16.211943,8.786926,N
2006-08-11 00:00:00,-7.956806,-0.07643545,26.802124,26.706696,0.0,15.467472,0.5503845,N
2006-08-11 03:00:00,-7.7756195,0.9507037,26.234772,26.706696,0.0,15.227117,353.0292,N
2006-08-11 06:00:00,-7.0574408,2.524789,25.779236,26.706696,0.0,14.569989,340.3154,N
2006-08-11 09:00:00,-6.769719,4.2363286,25.495514,26.706696,0.00019096746,15.523432,327.96265,NW
2006-08-11 12:00:00,-6.2563586,4.5028033,27.373749,26.706696,0.0,14.9836235,324.25684,NW
2006-08-11 15:00:00,-6.2527947,2.4174814,30.43277,26.706696,0.0,13.0312195,338.8623,N
2006-08-11 18:00:00,-6.824487,-1.8100467,29.476227,26.706696,0.0,13.724377,14.854431,N
2006-08-11 21:00:00,-8.357816,-1.5778458,27.294373,26.706696,0.0,16.533236,10.690857,N
2006-08-12 00:00:00,-7.893222,-0.33393806,26.663208,26.669098,0.0,15.356886,2.422577,N
2006-08-12 03:00:00,-7.9183555,1.5688893,26.421783,26.669098,0.0,15.691228,348.79294,N
2006-08-12 06:00:00,-8.010824,3.0717354,25.890717,26.669098,0.0,16.677292,339.02078,N
2006-08-12 09:00:00,-7.4680166,3.6707203,25.393646,26.669098,0.0,16.175442,333.8247,NW
2006-08-12 12:00:00,-7.2778273,3.5996604,27.333405,26.669098,0.0,15.782776,333.6827,NW
2006-08-12 15:00:00,-7.0979543,1.1823663,29.975677,26.669098,0.0,13.987404,350.5426,N
2006-08-12 18:00:00,-7.783498,-1.5444691,29.47699,26.669098,0.0,15.424861,11.223328,N
2006-08-12 21:00:00,-9.034731,-1.2692018,27.432312,26.669098,0.0,17.734516,7.9966125,N
2006-08-13 00:00:00,-8.302298,-0.21317202,26.383423,26.700073,0.0,16.143658,1.4708252,N
2006-08-13 03:00:00,-7.942551,1.9119868,25.847778,26.700073,0.0,15.880093,346.46487,N
2006-08-13 06:00:00,-7.0356836,2.1974826,25.604156,26.700073,4.253816e-07,14.327799,342.65463,N
2006-08-13 09:00:00,-7.239752,2.816745,25.388092,26.700073,1.2972159e-05,15.100529,338.74066,N
2006-08-13 12:00:00,-7.2133055,3.296579,27.347626,26.700073,8.507632e-07,15.416405,335.43896,NW
2006-08-13 15:00:00,-7.527474,1.4050567,30.113617,26.700073,1.1697412e-06,14.884922,349.427,N
2006-08-13 18:00:00,-7.386989,-0.6217666,29.745514,26.700073,0.0,14.409901,4.8112793,N
2006-08-13 21:00:00,-8.083786,-1.4502609,27.737457,26.700073,0.0,15.96446,10.170868,N
2006-08-14 00:00:00,-7.9673095,0.09385717,26.72113,26.76651,0.0,15.48825,359.32507,N
2006-08-14 03:00:00,-7.4260025,1.0633947,26.145172,26.76651,0.0,14.5822115,351.8507,N
2006-08-14 06:00:00,-6.3874655,1.5478942,25.605347,26.76651,0.0,12.775584,346.37793,N
2006-08-14 09:00:00,-6.067295,2.8214104,25.208618,26.76651,8.825446e-06,13.006661,335.06067,NW
2006-08-14 12:00:00,-5.8073325,4.2144365,27.622498,26.76651,0.0,13.947859,324.03125,NW
2006-08-14 15:00:00,-5.3965693,2.4151485,30.28894,26.76651,0.0,11.492665,335.88986,NW
2006-08-14 18:00:00,-6.191087,-1.4728708,29.610992,26.76651,0.0,12.370355,13.382019,N
2006-08-14 21:00:00,-7.8815928,-2.0207143,27.649597,26.76651,0.0,15.816073,14.379974,N
2006-08-15 00:00:00,-7.642825,-0.53724843,26.463318,26.838043,0.0,14.893089,4.0209656,N
2006-08-15 03:00:00,-7.7043457,0.9559076,25.927338,26.838043,0.0,15.090848,352.92725,N
2006-08-15 06:00:00,-7.8384533,2.4002547,25.48941,26.838043,0.0,15.935052,342.9746,N
2006-08-15 09:00:00,-7.1035814,4.16796,24.959656,26.838043,0.0,16.009592,329.5981,NW
2006-08-15 12:00:00,-6.7355824,5.244626,27.28357,26.838043,0.0,16.593857,322.0941,NW
2006-08-15 15:00:00,-6.521573,2.2263732,30.241821,26.838043,0.0,13.395251,341.15082,N
2006-08-15 18:00:00,-7.5644236,-1.6576986,29.483337,26.838043,0.0,15.052962,12.360626,N
2006-08-15 21:00:00,-9.806554,-1.4707177,27.305328,26.838043,0.0,19.275555,8.529236,N
2006-08-16 00:00:00,-8.906813,0.30129477,26.474457,26.886627,0.0,17.323322,358.06256,N
2006-08-16 03:00:00,-7.862649,1.7783008,26.11444,26.886627,0.0,15.669762,347.2558,N
2006-08-16 06:00:00,-7.008674,2.6437607,25.459137,26.886627,0.0,14.560774,339.3329,N
2006-08-16 09:00:00,-6.703884,3.3330061,25.208405,26.886627,0.0,14.552988,333.56458,NW
2006-08-16 12:00:00,-7.5689254,2.9290771,27.422821,26.886627,0.0,15.776047,338.8442,N
2006-08-16 15:00:00,-7.6555796,0.72819275,30.112427,26.886627,0.0,14.94839,354.5664,N
2006-08-16 18:00:00,-8.143431,-2.1531441,29.491852,26.886627,0.0,16.373491,14.810242,N
2006-08-16 21:00:00,-8.629032,-0.91946477,27.451538,26.886627,0.0,16.86841,6.082184,N
2006-08-17 00:00:00,-8.184507,0.7886655,26.761566,26.905182,0.0,15.983065,354.49594,N
2006-08-17 03:00:00,-6.924083,1.8640752,26.175232,26.905182,0.0,13.938527,344.93228,N
2006-08-17 06:00:00,-6.753401,3.6857936,25.535736,26.905182,4.253816e-07,14.955382,331.37567,NW
2006-08-17 09:00:00,-6.5782166,4.195595,25.246765,26.905182,2.8070994e-05,15.166431,327.4702,NW
2006-08-17 12:00:00,-7.931672,3.9777496,27.100708,26.905182,1.6162172e-05,17.248108,333.36615,NW
2006-08-17 15:00:00,-7.5696754,1.8599479,29.20868,26.905182,4.2531872e-05,15.151905,346.1953,N
2006-08-17 18:00:00,-7.611502,-0.5542956,29.029205,26.905182,9.56934e-07,14.834723,4.1651306,N
2006-08-17 21:00:00,-8.034081,-1.2324157,27.429138,26.905182,0.0,15.799642,8.7211,N
2006-08-18 00:00:00,-8.238713,-0.14713651,26.389557,26.907135,0.0,16.017296,1.0231323,N
2006-08-18 03:00:00,-8.091289,0.58607286,26.070404,26.907135,0.0,15.769375,355.85715,N
2006-08-18 06:00:00,-7.0021095,1.1724968,25.720337,26.907135,6.2736217e-06,13.800482,350.49408,N
2006-08-18 09:00:00,-6.935337,2.3214786,25.563385,26.907135,1.807604e-05,14.216391,341.49295,N
2006-08-18 12:00:00,-7.432004,3.5698726,27.60019,26.907135,0.0,16.026802,334.34326,NW
2006-08-18 15:00:00,-6.823737,1.2501962,30.041931,26.907135,0.0,13.485036,349.61783,N
2006-08-18 18:00:00,-7.536289,-1.7734401,29.105164,26.907135,0.0,15.049483,13.241943,N
2006-08-18 21:00:00,-8.879054,-1.9076645,27.270447,26.907135,0.0,17.653318,12.125671,N
2006-08-19 00:00:00,-8.170441,-0.055261016,26.3974,26.887604,0.0,15.882393,0.3875122,N
2006-08-19 03:00:00,-7.6788373,0.27724925,26.045807,26.887604,0.0,14.936157,357.9322,N
2006-08-19 06:00:00,-7.509843,1.0537047,25.502838,26.887604,0.0,14.740926,352.01297,N
2006-08-19 09:00:00,-6.9908557,2.3286564,25.168396,26.887604,0.0,14.3231735,341.57706,N
2006-08-19 12:00:00,-6.7933517,3.6097093,27.259644,26.887604,0.0,14.95363,332.01566,NW
2006-08-19 15:00:00,-5.9915195,0.17101824,29.935242,26.887604,0.0,11.6512985,358.36502,N
2006-08-19 18:00:00,-6.103307,-2.634055,29.223541,26.887604,0.0,12.92158,23.343994,NE
2006-08-19 21:00:00,-7.225685,-3.0534163,27.287079,26.887604,0.0,15.248168,22.907867,NE
2006-08-20 00:00:00,-7.6422625,-2.0854938,26.311188,26.842682,0.0,15.398533,15.263763,N
2006-08-20 03:00:00,-6.415037,-0.1388821,26.088318,26.842682,0.0,12.472728,1.2402344,N
2006-08-20 06:00:00,-5.8532853,1.7246468,25.589722,26.842682,4.253816e-07,11.861464,343.5826,N
2006-08-20 09:00:00,-5.6715364,2.5972846,25.423492,26.842682,4.253816e-07,12.1256075,335.39456,NW
2006-08-20 12:00:00,-6.3321342,3.444441,27.277222,26.842682,4.253816e-07,14.011851,331.45547,NW
2006-08-20 15:00:00,-5.2680883,-0.08791989,30.308502,26.842682,0.0,10.241747,0.9561157,N
2006-08-20 18:00:00,-6.134255,-2.4355896,29.659607,26.842682,0.0,12.829518,21.655426,N
2006-08-20 21:00:00,-7.1210246,-2.3844478,27.282898,26.842682,0.0,14.597525,18.512909,N
2006-08-21 00:00:00,-6.776471,-1.5432131,26.478607,26.76944,0.0,13.509628,12.829224,N
2006-08-21 03:00:00,-5.810146,-0.6316361,26.236969,26.76944,0.0,11.360537,6.2044067,N
2006-08-21 06:00:00,-6.3392615,0.47822684,25.933228,26.76944,1.7757062e-05,12.357525,355.68585,N
2006-08-21 09:00:00,-5.9498806,1.8746624,25.97992,26.76944,0.00014832942,12.126108,342.51163,N
2006-08-21 12:00:00,-5.6148925,2.3525226,27.210327,26.76944,0.00011536735,11.83372,337.26733,NW
2006-08-21 15:00:00,-5.7538767,-0.5553723,28.787994,26.76944,4.3914188e-05,11.236595,5.5131836,N
2006-08-21 18:00:00,-6.105933,-2.6354904,28.802643,26.76944,6.3795596e-07,12.927373,23.346375,NE
2006-08-21 21:00:00,-7.015614,-2.427694,27.000946,26.76944,0.0,14.430645,19.087738,N
2006-08-22 00:00:00,-6.8601246,-1.6602108,26.351166,26.691315,0.0,13.719933,13.604523,N
2006-08-22 03:00:00,-6.20234,-1.3639481,26.141998,26.691315,0.0,12.344437,12.402435,N
2006-08-22 06:00:00,-6.925584,-1.0165441,25.956726,26.691315,8.507632e-07,13.606474,8.350311,N
2006-08-22 09:00:00,-6.76578,0.65408224,25.932465,26.691315,6.0608145e-06,13.212909,354.4781,N
2006-08-22 12:00:00,-6.532639,1.8319547,27.614166,26.691315,1.3610348e-05,13.188269,344.33487,N
2006-08-22 15:00:00,-6.8177347,-0.63594276,29.173706,26.691315,1.1058291e-05,13.310114,5.32901,N
2006-08-22 18:00:00,-7.8046923,-2.4189012,28.129059,26.691315,0.0001968157,15.883005,17.219727,N
2006-08-22 21:00:00,-8.562822,-1.3251882,26.86267,26.691315,1.06403604e-07,16.842907,8.797333,N
2006-08-23 00:00:00,-7.9609323,-0.38167018,26.378296,26.634644,0.0,15.492553,2.744812,N
2006-08-23 03:00:00,-7.9946938,0.49312073,26.140564,26.634644,0.0,15.569941,356.4704,N
2006-08-23 06:00:00,-7.334096,1.4867039,25.80066,26.634644,1.0951888e-05,14.546269,348.54077,N
2006-08-23 09:00:00,-6.710824,3.010186,25.717163,26.634644,3.10482e-05,14.296989,335.84106,NW
2006-08-23 12:00:00,-8.03502,3.3706894,27.712341,26.634644,0.0,16.937428,337.24197,NW
2006-08-23 15:00:00,-8.085662,0.6217823,29.741577,26.634644,0.0,15.763638,355.60263,N
2006-08-23 18:00:00,-8.412772,-1.3718438,28.996735,26.634644,1.6587554e-05,16.569078,9.261536,N
2006-08-23 21:00:00,-9.696829,-1.463181,27.119507,26.634644,0.0,19.06246,8.58078,N
2006-08-24 00:00:00,-9.257181,-0.4823385,26.505066,26.597534,0.0,18.018888,2.982666,N
2006-08-24 03:00:00,-8.504866,0.993232,26.19281,26.597534,0.0,16.644453,353.33896,N
2006-08-24 06:00:00,-7.6672087,1.9606161,25.988434,26.597534,1.5949365e-05,15.383391,345.656,N
2006-08-24 09:00:00,-6.6423635,2.339782,25.635193,26.597534,3.402587e-06,13.689322,340.59512,N
2006-08-24 12:00:00,-7.2838297,2.7150002,27.453522,26.597534,0.0,15.110203,339.55737,N
2006-08-24 15:00:00,-7.5762405,0.44377357,29.704193,26.597534,0.0,14.752242,356.64777,N
2006-08-24 18:00:00,-7.8444557,-1.9318893,29.15567,26.597534,0.0,15.703975,13.835175,N
2006-08-24 21:00:00,-8.620029,-1.7764907,27.284119,26.597534,0.0,17.108093,11.644989,N
2006-08-25 00:00:00,-8.143431,-0.98980695,26.21698,26.577026,0.0,15.946028,6.9301147,N
2006-08-25 03:00:00,-8.14512,0.21462318,26.090515,26.577026,0.0,15.838306,358.4906,N
2006-08-25 06:00:00,-8.1573105,1.7025752,25.797485,26.577026,1.7012935e-06,16.198204,348.2106,N
2006-08-25 09:00:00,-7.2125554,2.7526834,25.492798,26.577026,2.5520567e-06,15.006422,339.11057,N
2006-08-25 12:00:00,-7.4456964,3.265535,27.593628,26.577026,0.0,15.804043,336.3187,NW
2006-08-25 15:00:00,-6.9940443,1.0163803,29.80487,26.577026,0.0,13.738108,351.7316,N
2006-08-25 18:00:00,-7.0868883,-1.6218097,29.264526,26.577026,0.0,14.131899,12.889984,N
2006-08-25 21:00:00,-8.61459,-1.6203742,27.65155,26.577026,0.0,17.039038,10.652679,N
2006-08-26 00:00:00,-8.145307,0.037152767,26.53894,26.571198,0.0,15.833338,359.73865,N
2006-08-26 03:00:00,-8.87474,1.3966228,25.930084,26.571198,0.0,17.463383,351.05667,N
2006-08-26 06:00:00,-7.7557383,2.0634377,25.59726,26.571198,3.402587e-06,15.600361,345.1014,N
2006-08-26 09:00:00,-7.302961,3.3706894,25.341736,26.571198,2.0627864e-05,15.634903,335.22427,NW
2006-08-26 12:00:00,-7.040185,4.041811,27.52948,26.571198,0.0,15.779916,330.13962,NW
2006-08-26 15:00:00,-7.0966415,1.0592675,29.897339,26.571198,0.0,13.947559,351.51053,N
2006-08-26 18:00:00,-8.004822,-1.8631623,29.225708,26.571198,0.0,15.976017,13.1026,N
2006-08-26 21:00:00,-9.064553,-1.6332941,27.10028,26.571198,0.0,17.903786,10.214233,N
2006-08-27 00:00:00,-7.899787,-0.20114923,26.582672,26.574127,0.0,15.3609,1.4585876,N
2006-08-27 03:00:00,-7.531225,1.0531664,26.00351,26.574127,0.0,14.781943,352.03937,N
2006-08-27 06:00:00,-7.797002,1.8655107,25.51355,26.574127,0.0,15.583896,346.54437,N
2006-08-27 09:00:00,-6.8721285,2.985243,25.197906,26.574127,0.0,14.564257,336.51993,NW
2006-08-27 12:00:00,-6.9345865,3.8711596,27.691986,26.574127,0.0,15.437855,330.82803,NW
2006-08-27 15:00:00,-6.9450903,0.36804804,30.443024,26.574127,0.0,13.519089,356.9665,N
2006-08-27 18:00:00,-6.990293,-1.8658538,29.735016,26.574127,0.0,14.063734,14.945007,N
2006-08-27 21:00:00,-8.653603,-1.8421671,26.97229,26.574127,0.0,17.198141,12.017639,N
2006-08-28 00:00:00,-8.355377,-0.6772149,26.2995,26.586792,0.0,16.294777,4.6337585,N
2006-08-28 03:00:00,-7.4108095,0.66323394,26.001343,26.586792,0.0,14.463003,354.88593,N
2006-08-28 06:00:00,-7.1017056,1.6688397,25.393646,26.586792,0.0,14.18061,346.7759,N
2006-08-28 09:00:00,-6.6123533,2.3885908,25.22229,26.586792,0.0,13.666257,340.13867,N
2006-08-28 12:00:00,-7.100955,3.372484,27.427185,26.586792,0.0,15.28076,334.59537,NW
2006-08-28 15:00:00,-6.6708727,0.07788664,30.009888,26.586792,0.0,12.967993,359.33105,N
2006-08-28 18:00:00,-7.162476,-2.1217415,29.474243,26.586792,0.0,14.520739,16.500885,N
2006-08-28 21:00:00,-8.509179,-1.9806983,27.069672,26.586792,0.0,16.982677,13.103516,N
2006-08-29 00:00:00,-8.049649,-0.39136022,26.074127,26.619537,0.0,15.665712,2.7834167,N
2006-08-29 03:00:00,-7.2838297,0.69679,25.873688,26.619537,0.0,14.223238,354.53555,N
2006-08-29 06:00:00,-7.062505,1.4330499,25.373444,26.619537,1.488626e-05,14.008143,348.52988,N
2006-08-29 09:00:00,-6.617605,2.0989678,25.594635,26.619537,3.2111537e-05,13.495118,342.40204,N
2006-08-29 12:00:00,-7.008674,2.2344482,27.544556,26.619537,8.931849e-06,14.299355,342.3171,N
2006-08-29 15:00:00,-6.4789963,-0.80336434,29.320251,26.619537,1.7012935e-06,12.690579,7.068329,N
2006-08-29 18:00:00,-6.788663,-1.9982839,28.250153,26.619537,0.00011855713,13.755891,16.4021,N
2006-08-29 21:00:00,-7.7367945,-2.7214444,27.0289,26.619537,3.8279686e-06,15.942363,19.379486,N
2006-08-30 00:00:00,-7.6842766,-2.9651296,26.27237,26.677643,0.0,16.010458,21.100098,N
2006-08-30 03:00:00,-6.3330717,-0.8448159,26.090729,26.677643,0.0,12.419526,7.5982666,N
2006-08-30 06:00:00,-6.188836,0.3739697,25.72525,26.677643,1.9351952e-05,12.052051,356.54202,N
2006-08-30 09:00:00,-6.2593594,0.71599054,25.566986,26.677643,1.3929326e-05,12.246535,353.47446,N
2006-08-30 12:00:00,-7.189485,0.4184719,27.294617,26.677643,2.2330787e-06,13.998862,356.6688,N
2006-08-30 15:00:00,-6.342825,-0.4164824,29.136108,26.677643,0.0,12.355988,3.756775,N
2006-08-30 18:00:00,-6.151698,-3.170414,28.553345,26.677643,0.0,13.452569,27.26532,NE
2006-08-30 21:00:00,-6.923708,-2.5669427,26.793152,26.677643,0.0,14.353771,20.342102,N
2006-08-31 00:00:00,-6.343763,-2.1996202,26.086578,26.767487,0.0,13.051501,19.123352,N
2006-08-31 03:00:00,-5.788201,-1.0996268,25.753113,26.767487,0.0,11.452575,10.756714,N
2006-08-31 06:00:00,-5.631023,-0.3037914,25.437592,26.767487,8.507632e-07,10.961725,3.0881042,N
2006-08-31 09:00:00,-5.959071,0.054199994,25.569733,26.767487,1.28659885e-05,11.583961,359.47888,N
2006-08-31 12:00:00,-6.9925437,2.4598303,27.342682,26.767487,6.5924134e-05,14.408882,340.6192,N
2006-08-31 15:00:00,-5.9193077,0.20026764,29.286255,26.767487,5.1038805e-06,11.512771,358.06226,N
2006-08-31 18:00:00,-6.635236,-2.4734523,28.709839,26.767487,0.0,13.764847,20.444214,N
2006-08-31 21:00:00,-7.155536,-1.456362,26.92694,26.767487,4.253816e-07,14.194384,11.504242,N
2006-09-01 00:00:00,-6.705572,-0.5496301,26.166351,26.85022,0.0,13.078273,4.685852,N
2006-09-01 03:00:00,-5.895862,-0.48915738,26.167664,26.85022,0.0,11.499989,4.742737,N
2006-09-01 06:00:00,-6.082863,-0.23560256,25.779907,26.85022,8.507632e-07,11.832978,2.2180786,N
2006-09-01 09:00:00,-6.0712337,1.4773726,25.593872,26.85022,6.8688765e-05,12.14589,346.3235,N
2006-09-01 12:00:00,-5.842594,1.9995556,27.776276,26.85022,6.167218e-06,12.003764,341.10712,N
2006-09-01 15:00:00,-3.6903074,0.44825965,30.384888,26.85022,0.0,7.2260942,353.07425,N
2006-09-01 18:00:00,-4.9164076,-3.3552418,29.834595,26.85022,0.0,11.570129,34.31189,NE
2006-09-01 21:00:00,-7.2806406,-3.5083075,27.165405,26.85022,0.0,15.709781,25.727936,NE
2006-09-02 00:00:00,-7.0321198,-1.8918734,26.64148,26.89441,0.0,14.155359,15.057922,N
2006-09-02 03:00:00,-6.5864697,-1.1080606,26.550629,26.89441,9.675976e-06,12.982958,9.549622,N
2006-09-02 06:00:00,-7.02518,0.825631,26.24823,26.89441,6.603054e-05,13.74981,353.2971,N
2006-09-02 09:00:00,-7.140156,2.563549,26.031921,26.89441,4.3807784e-05,14.746767,340.2502,N
2006-09-02 12:00:00,-7.033995,2.752145,27.711334,26.89441,1.2653181e-05,14.682284,338.6314,N
2006-09-02 15:00:00,-5.6561565,-0.28064305,29.767487,26.89441,7.4435957e-07,11.008189,2.8405457,N
2006-09-02 18:00:00,-6.6290464,-2.701167,29.388123,26.89441,0.0,13.914495,22.169647,N
2006-09-02 21:00:00,-7.9984446,-2.458379,27.223236,26.89441,0.0,16.26551,17.085175,N
2006-09-03 00:00:00,-7.1105213,-1.3935566,26.68399,26.914673,0.0,14.084662,11.088562,N
2006-09-03 03:00:00,-7.8294506,-0.12632096,26.481567,26.914673,5.954411e-06,15.22118,0.9243469,N
2006-09-03 06:00:00,-6.874379,1.2631161,26.055115,26.914673,2.987869e-05,13.586392,349.58847,N
2006-09-03 09:00:00,-6.636737,2.63748,25.798706,26.914673,5.2845804e-05,13.882146,338.3268,N
2006-09-03 12:00:00,-7.8964105,2.0734866,27.653961,26.914673,2.4136854e-05,15.869719,345.28708,N
2006-09-03 15:00:00,-7.5567336,-0.19379205,29.766052,26.914673,7.44313e-06,14.693911,1.4690247,N
2006-09-03 18:00:00,-8.024328,-1.6180413,29.526703,26.914673,0.0,15.911955,11.40036,N
2006-09-03 21:00:00,-9.32883,-1.7691333,27.108246,26.914673,0.0,18.456951,10.738129,N
2006-09-04 00:00:00,-8.287479,-1.3287771,26.542664,26.927643,0.0,16.315289,9.109009,N
2006-09-04 03:00:00,-7.9089775,0.31493255,26.235016,26.927643,2.126675e-06,15.38597,357.7197,N
2006-09-04 06:00:00,-7.1696033,1.1949273,25.973999,26.927643,2.5412766e-05,14.1287985,350.53772,N
2006-09-04 09:00:00,-7.12984,1.1540141,25.918152,26.927643,3.1154603e-05,14.039635,350.806,N
2006-09-04 12:00:00,-8.827099,0.6232178,27.805542,26.927643,1.3078563e-05,17.20118,355.96146,N
2006-09-04 15:00:00,-8.159561,-0.4154057,29.406921,26.927643,0.0,15.881423,2.9144287,N
2006-09-04 18:00:00,-8.885994,-2.29975,28.904388,26.927643,0.0,17.84205,14.510132,N
2006-09-04 21:00:00,-9.413046,-1.2155478,26.974274,26.927643,0.0,18.449385,7.358124,N
2006-09-05 00:00:00,-9.10413,-0.4663679,26.280914,26.946198,0.0,17.720177,2.9324646,N
2006-09-05 03:00:00,-8.252405,-0.16526037,26.038483,26.946198,0.0,16.04457,1.1472473,N
2006-09-05 06:00:00,-7.1365924,0.71204275,25.884918,26.946198,1.8076971e-06,13.941271,354.30225,N
2006-09-05 09:00:00,-6.56415,1.3788579,25.880554,26.946198,4.25335e-06,13.038126,348.137,N
2006-09-05 12:00:00,-7.767742,0.71993834,27.46521,26.946198,2.9772054e-06,15.163962,354.70477,N
2006-09-05 15:00:00,-8.368132,-0.3506263,29.243744,26.946198,0.0,16.280582,2.399292,N
2006-09-05 18:00:00,-8.52062,-1.7461646,28.92691,26.946198,0.0,16.906946,11.581482,N
2006-09-05 21:00:00,-8.281102,-1.9157393,27.116333,26.946198,0.0,16.522264,13.025604,N
2006-09-06 00:00:00,-8.185258,-1.0529714,26.522552,26.970612,0.0,16.041945,7.330414,N
2006-09-06 03:00:00,-7.829638,-1.0513563,26.00647,26.970612,0.0,15.356161,7.647888,N
2006-09-06 06:00:00,-7.6505156,-0.061003268,25.672028,26.970612,0.0,14.871851,0.45684814,N
2006-09-06 09:00:00,-7.0135508,0.91319984,25.766022,26.970612,4.253816e-07,13.7483,352.58154,N
2006-09-06 12:00:00,-7.4185,1.0967714,27.907867,26.970612,0.0,14.577122,351.59015,N
2006-09-06 15:00:00,-7.3944917,-0.89165086,29.610535,26.970612,0.0,14.477831,6.875702,N
2006-09-06 18:00:00,-7.610377,-2.3342035,28.975983,26.970612,0.0,15.473545,17.051483,N
2006-09-06 21:00:00,-8.049274,-2.4589174,27.163666,26.970612,0.0,16.360285,16.98703,N
2006-09-07 00:00:00,-8.159561,-1.117033,26.338074,26.983307,0.0,16.008818,7.7952576,N
2006-09-07 03:00:00,-7.2523184,-0.857377,26.287476,26.983307,0.0,14.1955185,6.742279,N
2006-09-07 06:00:00,-7.6794,1.1256618,25.91269,26.983307,1.5524216e-05,15.087041,351.66086,N
2006-09-07 09:00:00,-6.744585,2.7257667,25.862427,26.983307,1.2761448e-06,14.140582,337.99432,N
2006-09-07 12:00:00,-7.021804,2.5698295,27.927856,26.983307,8.931849e-06,14.534641,339.89847,N
2006-09-07 15:00:00,-5.4010706,-0.14928985,29.944427,26.983307,0.0,10.502827,1.5832825,N
2006-09-07 18:00:00,-5.937689,-2.543615,29.370758,26.983307,0.0,12.556383,23.189545,NE
2006-09-07 21:00:00,-7.7165375,-3.0469563,27.475922,26.983307,0.0,16.126715,21.54712,N
2006-09-08 00:00:00,-7.8073177,-1.5681558,26.752625,26.97644,0.0,15.47928,11.357147,N
2006-09-08 03:00:00,-7.694405,-0.18302536,26.345184,26.97644,0.0,14.960923,1.3626404,N
2006-09-08 06:00:00,-6.995545,0.87551653,25.930847,26.97644,4.253816e-07,13.704304,352.86633,N
2006-09-08 09:00:00,-6.7187014,3.1824524,25.707428,26.97644,5.9969723e-05,14.451107,334.65445,NW
2006-09-08 12:00:00,-6.2246604,3.402451,28.189392,26.97644,0.0,13.78936,331.33862,NW
2006-09-08 15:00:00,-5.355118,0.04110056,30.605347,26.97644,0.0,10.4098,359.56027,N
2006-09-08 18:00:00,-6.848683,-2.093748,29.79657,26.97644,0.0,13.920967,16.999207,N
2006-09-08 21:00:00,-8.493987,-1.8391168,27.334167,26.97644,0.0,16.893543,12.217102,N
2006-09-09 00:00:00,-8.169878,0.16976213,26.636871,26.944244,0.0,15.884363,358.80963,N
2006-09-09 03:00:00,-7.6591434,1.0248141,26.237183,26.944244,0.0,15.020831,352.37894,N
2006-09-09 06:00:00,-7.5066543,2.5875945,26.04483,26.944244,2.126675e-06,15.434322,340.9806,N
2006-09-09 09:00:00,-5.860225,4.546767,25.720123,26.944244,3.0622818e-05,14.4179125,322.19324,NW
2006-09-09 12:00:00,-5.524675,4.8771243,28.276062,26.944244,0.0,14.324977,318.5623,NW
2006-09-09 15:00:00,-5.271277,1.1376846,30.831238,26.944244,0.0,10.482451,347.82083,N
2006-09-09 18:00:00,-7.354541,-2.1308932,29.627045,26.944244,0.0,14.884025,16.158325,N
2006-09-09 21:00:00,-8.626594,-1.3996577,27.3544,26.944244,0.0,16.988,9.215881,N
2006-09-10 00:00:00,-8.271912,0.46889573,26.484741,26.879791,0.0,16.105085,356.75565,N
2006-09-10 03:00:00,-7.911228,0.56723124,26.295319,26.879791,0.0,15.41764,355.89893,N
2006-09-10 06:00:00,-6.697507,2.1711044,25.85727,26.879791,0.0,13.685834,342.03906,N
2006-09-10 09:00:00,-5.3950686,3.9861834,25.282623,26.879791,0.00019915495,13.039157,323.5409,NW
2006-09-10 12:00:00,-6.377899,3.7954342,28.059448,26.879791,1.3078563e-05,14.426766,329.24347,NW
2006-09-10 15:00:00,-6.006337,1.0208664,30.687866,26.879791,0.0,11.842797,350.3539,N
2006-09-10 18:00:00,-6.8625627,-1.9920032,30.124664,26.879791,0.0,13.890345,16.186493,N
2006-09-10 21:00:00,-8.661293,-1.4260359,28.082397,26.879791,0.0,17.062838,9.349579,N
2006-09-11 00:00:00,-8.488359,0.98892534,27.140503,26.810425,0.0,16.611612,353.3548,N
2006-09-11 03:00:00,-7.5912457,1.5028538,26.746277,26.810425,0.0,15.042557,348.80185,N
2006-09-11 06:00:00,-7.2136807,3.1541002,25.716187,26.810425,0.0,15.304027,336.38318,NW
2006-09-11 09:00:00,-6.3356977,4.185725,25.370697,26.810425,0.0,14.760565,326.54895,NW
2006-09-11 12:00:00,-7.036433,4.017048,28.123169,26.810425,0.0,15.749671,330.27826,NW
2006-09-11 15:00:00,-7.5689254,0.7059417,30.557587,26.810425,0.0,14.776635,354.67154,N
2006-09-11 18:00:00,-9.395978,-1.4405708,29.50058,26.810425,6.167218e-06,18.477694,8.716583,N
2006-09-11 21:00:00,-9.757412,-1.071454,27.73767,26.810425,0.0,19.080856,6.26651,N
2006-09-12 00:00:00,-9.123448,0.4577702,26.977661,26.762573,0.0,17.756834,357.1276,N
2006-09-12 03:00:00,-8.50524,1.6302593,26.803314,26.762573,0.0,16.833796,349.14932,N
2006-09-12 06:00:00,-7.943489,2.507742,26.254333,26.762573,0.0,16.192057,342.47922,N
2006-09-12 09:00:00,-6.8263626,3.9574723,25.816528,26.762573,0.0,15.337971,329.89767,NW
2006-09-12 12:00:00,-6.3285704,4.064421,28.246002,26.762573,0.0,14.620252,327.29007,NW
2006-09-12 15:00:00,-6.542017,-0.32460696,30.276031,26.762573,0.0,12.732279,2.8406067,N
2006-09-12 18:00:00,-8.221083,-2.789992,29.433472,26.762573,0.0,16.87565,18.745697,N
2006-09-12 21:00:00,-8.627344,-2.013716,27.425201,26.762573,0.0,17.220945,13.138245,N
2006-09-13 00:00:00,-8.463789,-0.46080512,26.625183,26.730103,0.0,16.476618,3.1163635,N
2006-09-13 03:00:00,-8.008948,0.2210832,26.3573,26.730103,0.0,15.574044,358.4188,N
2006-09-13 06:00:00,-7.753675,1.4814999,25.947662,26.730103,0.0,15.344561,349.18283,N
2006-09-13 09:00:00,-7.0188026,3.1921425,25.66275,26.730103,0.0,14.988174,335.544,NW
2006-09-13 12:00:00,-6.9051394,3.8453197,28.244263,26.730103,0.0,15.3634,330.88754,NW
2006-09-13 15:00:00,-5.6270843,0.87946427,30.60434,26.730103,0.0,11.070939,351.11703,N
2006-09-13 18:00:00,-6.229537,-1.9993606,29.937653,26.730103,0.0,12.717613,17.793945,N
2006-09-13 21:00:00,-8.598271,-2.0894415,27.370453,26.730103,0.0,17.200079,13.658539,N
2006-09-14 00:00:00,-8.771205,-0.91461974,26.405182,26.704987,0.0,17.142263,5.953003,N
2006-09-14 03:00:00,-9.249679,1.0197897,26.215424,26.704987,0.0,18.08884,353.70847,N
2006-09-14 06:00:00,-8.098041,2.349472,25.873444,26.704987,0.0,16.39042,343.82104,N
2006-09-14 09:00:00,-7.160038,4.596294,25.71814,26.704987,4.253816e-07,16.538876,327.3021,NW
2006-09-14 12:00:00,-7.040935,4.3003902,28.209839,26.704987,0.0,16.037342,328.5847,NW
2006-09-14 15:00:00,-6.8974495,0.30183312,30.40271,26.704987,0.0,13.420369,357.49432,N
2006-09-14 18:00:00,-8.247341,-1.88326,29.71698,26.704987,0.0,16.444164,12.8628235,N
2006-09-14 21:00:00,-10.131038,-1.6630819,27.091217,26.704987,0.0,19.956692,9.322357,N
2006-09-15 00:00:00,-8.760701,0.36069083,26.719604,26.679565,0.0,17.043827,357.6424,N
2006-09-15 03:00:00,-8.486859,1.072008,26.483307,26.679565,0.0,16.628181,352.80087,N
2006-09-15 06:00:00,-8.410146,1.7377462,26.187897,26.679565,0.0,16.69331,348.32556,N
2006-09-15 09:00:00,-7.9174175,3.3069868,25.9057,26.679565,0.0,16.678743,337.33044,NW
2006-09-15 12:00:00,-8.040647,3.5312922,27.977692,26.679565,0.0,17.070637,336.2899,NW
2006-09-15 15:00:00,-7.7549877,0.5487485,30.095367,26.679565,0.0,15.112147,355.95245,N
2006-09-15 18:00:00,-8.096728,-1.4068353,29.834595,26.679565,0.0,15.974556,9.856934,N
2006-09-15 21:00:00,-9.718586,-1.659493,26.770874,26.679565,0.0,19.164806,9.690063,N
2006-09-16 00:00:00,-8.990841,0.119517684,26.674896,26.656158,0.0,17.4783,359.2384,N
2006-09-16 03:00:00,-8.743071,0.8678004,26.490417,26.656158,0.0,17.07864,354.33163,N
2006-09-16 06:00:00,-8.873614,0.9458587,26.225708,26.656158,7.124152e-06,17.3466,353.91568,N
2006-09-16 09:00:00,-7.759677,2.0429811,25.81018,26.656158,2.0946842e-05,15.597588,345.24982,N
2006-09-16 12:00:00,-9.128512,1.5678127,27.688171,26.656158,3.5514124e-05,18.004175,350.25458,N
2006-09-16 15:00:00,-9.037732,0.014183879,28.504486,26.656158,1.1483673e-05,17.567928,359.91006,N
2006-09-16 18:00:00,-8.713435,-0.6687811,28.39978,26.656158,9.56934e-07,16.987339,4.3890076,N
2006-09-16 21:00:00,-8.764077,-0.42043012,27.560944,26.656158,0.0,17.055555,2.7464905,N
2006-09-17 00:00:00,-8.701431,0.25338316,26.609222,26.646393,0.0,16.921358,358.33203,N
2006-09-17 03:00:00,-8.2957325,1.4951377,26.23816,26.646393,7.974682e-06,16.385386,349.78326,N
2006-09-17 06:00:00,-8.386326,2.1877925,25.771362,26.646393,0.0,16.847263,345.37878,N
2006-09-17 09:00:00,-8.534125,1.948055,25.450592,26.646393,0.0,17.015676,347.1416,N
2006-09-17 12:00:00,-8.870613,2.192817,27.964478,26.646393,0.0,17.762085,346.11484,N
2006-09-17 15:00:00,-8.194823,-0.42904347,29.786713,26.646393,2.445653e-06,15.951242,2.9970093,N
2006-09-17 18:00:00,-8.195574,-0.56398565,28.963074,26.646393,1.2228033e-05,15.968561,3.9366455,N
2006-09-17 21:00:00,-7.786311,-0.6515544,27.892456,26.646393,0.0,15.188241,4.783325,N
2006-09-18 00:00:00,-7.8371406,0.14481938,26.729462,26.662262,0.0,15.236749,358.94138,N
2006-09-18 03:00:00,-7.3954296,0.6029406,26.264069,26.662262,0.0,14.423229,355.33905,N
2006-09-18 06:00:00,-7.0293064,1.6286442,26.000885,26.662262,4.253816e-07,14.025804,346.9551,N
2006-09-18 09:00:00,-6.4534874,2.679111,25.775757,26.662262,8.507632e-07,13.582579,337.45462,NW
2006-09-18 12:00:00,-6.727705,2.3313482,28.299225,26.662262,0.0,13.840524,340.8873,N
2006-09-18 15:00:00,-7.3031483,-1.4075532,29.996674,26.662262,0.0,14.457411,10.908997,N
2006-09-18 18:00:00,-8.06653,-2.7481816,28.722107,26.662262,2.8710347e-06,16.565056,18.813446,N
2006-09-18 21:00:00,-8.17119,-2.768997,27.497467,26.662262,0.0,16.770699,18.720154,N
2006-09-19 00:00:00,-8.164438,-2.584349,26.576752,26.713287,0.0,16.646458,17.564514,N
2006-09-19 03:00:00,-7.771681,-0.9524825,26.21991,26.713287,4.253816e-07,15.219937,6.987213,N
2006-09-19 06:00:00,-7.588432,0.86187875,25.90274,26.713287,6.6987704e-06,14.845534,353.52023,N
2006-09-19 09:00:00,-7.314402,0.9458587,25.67279,26.713287,2.9772054e-06,14.336413,352.6317,N
2006-09-19 12:00:00,-7.4239388,1.8394914,27.46106,26.713287,8.507632e-07,14.867339,346.08362,N
2006-09-19 15:00:00,-6.8736286,-1.2182395,29.581696,26.713287,0.0,13.569463,10.0503845,N
2006-09-19 18:00:00,-6.881319,-2.627595,28.938812,26.713287,0.0,14.318174,20.899078,N
2006-09-19 21:00:00,-7.6150656,-2.6374643,26.931305,26.713287,0.0,15.66516,19.103424,N
2006-09-20 00:00:00,-7.3794866,-1.5724626,26.612732,26.81192,0.0,14.666587,12.028992,N
2006-09-20 03:00:00,-6.6691847,-0.68672556,26.233795,26.81192,1.2121629e-05,13.032373,5.8790283,N
2006-09-20 06:00:00,-6.368334,-0.216402,25.862732,26.81192,3.9448263e-05,12.386167,1.946228,N
2006-09-20 09:00:00,-6.7400837,1.1292508,25.857605,26.81192,0.00010654214,13.284257,350.48886,N
2006-09-20 12:00:00,-7.2774525,1.234764,27.43155,26.81192,2.2648135e-05,14.348379,350.37033,N
2006-09-20 15:00:00,-7.162476,-1.5721035,28.994781,26.81192,6.805174e-06,14.254137,12.379639,N
2006-09-20 18:00:00,-8.079473,-2.4594557,27.830688,26.81192,7.985346e-05,16.416739,16.930664,N
2006-09-20 21:00:00,-7.783122,-1.849345,26.869019,26.81192,0.0,15.550364,13.36615,N
2006-09-21 00:00:00,-8.039521,-2.1884947,26.48233,26.912964,0.0,16.196213,15.227905,N
2006-09-21 03:00:00,-7.718038,-1.8141739,26.147125,26.912964,4.4126762e-05,15.411518,13.2276,N
2006-09-21 06:00:00,-7.1289024,-0.32335085,25.63147,26.912964,7.783319e-05,13.871694,2.5970154,N
2006-09-21 09:00:00,-6.2053413,2.1429315,25.532349,26.912964,9.484589e-05,12.76119,340.94833,N
2006-09-21 12:00:00,-6.9987335,1.4561982,27.69397,26.912964,0.0,13.895776,348.2464,N
2006-09-21 15:00:00,-7.217244,-1.4970958,29.024841,26.912964,4.253816e-07,14.327816,11.718842,N
2006-09-21 18:00:00,-7.9138536,-2.601755,28.597046,26.912964,0.0,16.193274,18.198761,N
2006-09-21 21:00:00,-7.8114443,-1.7703896,26.82846,26.912964,0.0,15.569289,12.769806,N
2006-09-22 00:00:00,-8.272287,-0.894522,26.44101,26.978668,0.0,16.173744,6.171692,N
2006-09-22 03:00:00,-7.8061924,-0.091867685,25.9469,26.978668,0.0,15.175039,0.6742554,N
2006-09-22 06:00:00,-6.8683767,1.1825457,25.504272,26.978668,1.0951888e-05,13.547465,350.23102,N
2006-09-22 09:00:00,-5.74131,2.620074,25.415405,26.978668,4.253816e-07,12.267376,335.47018,NW
2006-09-22 12:00:00,-6.647803,2.094661,27.477661,26.978668,0.0,13.548563,342.51083,N
2006-09-22 15:00:00,-6.4619274,-0.63468665,29.923004,26.978668,0.0,12.621396,5.609558,N
2006-09-22 18:00:00,-7.5321627,-1.5240126,28.83194,26.978668,1.0951888e-05,14.938014,11.438446,N
2006-09-22 21:00:00,-8.549505,-1.8118412,27.390778,26.978668,0.0,16.987963,11.9653015,N
2006-09-23 00:00:00,-8.433779,-0.8204115,26.524078,27.031403,0.0,16.4713,5.556061,N
2006-09-23 03:00:00,-8.690178,0.49258238,26.306274,27.031403,0.0,16.919432,356.7558,N
2006-09-23 06:00:00,-7.6739607,1.3142579,25.91269,27.031403,1.8501421e-05,15.134132,350.2817,N
2006-09-23 09:00:00,-7.2326245,2.336552,25.900574,27.031403,2.562534e-05,14.774506,342.09656,N
2006-09-23 12:00:00,-7.58243,2.925847,27.730896,27.031403,0.0,15.79827,338.8998,N
2006-09-23 15:00:00,-7.996194,-0.38023466,29.879517,27.031403,0.0,15.560884,2.7224731,N
2006-09-23 18:00:00,-8.104418,-1.8882844,28.830719,27.031403,0.00012291665,16.175646,13.115601,N
2006-09-23 21:00:00,-7.72404,-1.6354475,27.518433,27.031403,0.0,15.347166,11.954926,N
2006-09-24 00:00:00,-8.35444,-0.74683934,26.506256,27.081207,4.253816e-07,16.304453,5.1083374,N
2006-09-24 03:00:00,-7.7105355,-1.1687129,26.294342,27.081207,0.0,15.159242,8.618927,N
2006-09-24 06:00:00,-7.000609,-0.113759875,25.861755,27.081207,0.0,13.60986,0.93096924,N
2006-09-24 09:00:00,-6.5290756,1.4768343,25.736176,27.081207,5.1038805e-06,13.012099,347.25455,N
2006-09-24 12:00:00,-7.4064956,0.24764094,27.688843,27.081207,2.5306363e-05,14.405088,358.085,N
2006-09-24 15:00:00,-6.8325524,-2.1107953,29.10199,27.081207,4.678499e-06,13.90073,17.167603,N
2006-09-24 18:00:00,-6.755464,-2.3474824,28.667328,27.081207,8.081086e-06,13.901782,19.162018,N
2006-09-24 21:00:00,-7.0300565,-2.6128805,26.9711,27.081207,0.0,14.57865,20.388733,N
2006-09-25 00:00:00,-7.1782312,-2.242328,26.316742,27.14737,0.0,14.618277,17.347717,N
2006-09-25 03:00:00,-6.42404,-0.23578197,26.014008,27.14737,4.253816e-07,12.495713,2.1019897,N
2006-09-25 06:00:00,-5.2187595,0.8932815,25.46405,27.14737,2.9772054e-06,10.291968,350.28696,N
2006-09-25 09:00:00,-5.4027586,1.4646322,25.347534,27.14737,1.7012935e-06,10.881155,344.83224,N
2006-09-25 12:00:00,-6.8625627,0.91625035,27.396576,27.14737,0.0,13.458096,352.39517,N
2006-09-25 15:00:00,-7.016552,-1.0396924,29.716461,27.14737,0.0,13.787974,8.428589,N
2006-09-25 18:00:00,-7.3348465,-3.0652595,29.039703,27.14737,0.0,15.452707,22.680237,NE
2006-09-25 21:00:00,-7.749549,-2.8025532,27.141693,27.14737,0.0,16.018682,19.88205,N
2006-09-26 00:00:00,-7.9311094,-1.0976529,26.35904,27.197144,0.0,15.563756,7.8795776,N
2006-09-26 03:00:00,-6.487811,0.5248824,26.102966,27.197144,0.0,12.652472,355.3747,N
2006-09-26 06:00:00,-7.610564,0.73178166,25.860779,27.197144,1.8501421e-05,14.861949,354.5077,N
2006-09-26 09:00:00,-7.1030188,1.7599974,26.142975,27.197144,1.7863465e-05,14.2246685,346.08344,N
2006-09-26 12:00:00,-8.20589,1.3845999,27.942047,27.197144,0.0,16.176409,350.42255,N
2006-09-26 15:00:00,-7.6409492,-0.5065635,29.837769,27.197144,4.1469466e-06,14.885387,3.7929382,N
2006-09-26 18:00:00,-7.5240974,-3.1370373,29.21698,27.197144,0.0,15.845938,22.632812,NE
2006-09-26 21:00:00,-8.516682,-3.1079674,27.281158,27.197144,0.0,17.622957,20.0484,N
2006-09-27 00:00:00,-7.435943,-2.1034381,27.039398,27.200073,0.0,15.021458,15.794861,N
2006-09-27 03:00:00,-7.2639475,-0.98173195,26.512054,27.200073,4.253816e-07,14.248325,7.6969604,N
2006-09-27 06:00:00,-7.057628,0.28263256,25.975525,27.200073,0.00024679047,13.729896,357.70673,N
2006-09-27 09:00:00,-7.077135,1.7357724,25.678375,27.200073,0.00025465875,14.164546,346.2194,N
2006-09-27 12:00:00,-7.817259,1.7424119,27.708923,27.200073,6.741285e-05,15.568391,347.43457,N
2006-09-27 15:00:00,-7.5240974,-0.4977706,29.604645,27.200073,7.868512e-06,14.657613,3.7850037,N
2006-09-27 18:00:00,-8.001821,-2.4924734,29.212067,27.200073,0.0,16.291368,17.301208,N
2006-09-27 21:00:00,-8.815845,-1.7074046,27.431,27.200073,0.0,17.455029,10.961029,N
2006-09-28 00:00:00,-9.431615,-0.19379205,26.821686,27.17569,0.0,18.33742,1.1770935,N
2006-09-28 03:00:00,-8.356878,1.2875206,26.566284,27.17569,0.0,16.436098,351.24146,N
2006-09-28 06:00:00,-8.050775,1.576067,26.346039,27.17569,8.507632e-07,15.946475,348.92352,N
2006-09-28 09:00:00,-6.7899756,3.2782757,26.028992,27.17569,0.00012185355,14.656458,334.22824,NW
2006-09-28 12:00:00,-7.31609,2.9992397,28.265564,27.17569,1.1164695e-05,15.369939,337.70877,N
2006-09-28 15:00:00,-6.626796,0.26397038,30.475922,27.17569,0.0,12.891646,357.7189,N
2006-09-28 18:00:00,-7.6959057,-2.5671222,29.771088,27.17569,0.0,15.769933,18.447144,N
2006-09-28 21:00:00,-8.990278,-1.983031,27.469574,27.17569,0.0,17.895739,12.438843,N
2006-09-29 00:00:00,-8.352377,-0.18374312,26.848785,27.14441,0.0,16.239613,1.2602539,N
2006-09-29 03:00:00,-8.14737,0.86995375,26.47107,27.14441,0.0,15.927212,353.9052,N
2006-09-29 06:00:00,-7.7067842,1.634207,26.00998,27.14441,0.0,15.313852,348.0279,N
2006-09-29 09:00:00,-7.3747973,2.8465328,25.90155,27.14441,1.2761448e-06,15.366222,338.89435,N
2006-09-29 12:00:00,-7.913291,3.0844758,27.773865,27.14441,0.0,16.50939,338.70496,N
2006-09-29 15:00:00,-7.4308786,0.71365774,30.364899,27.14441,0.0,14.510901,354.51416,N
2006-09-29 18:00:00,-7.8587103,-2.2870097,29.582458,27.14441,0.0,15.909798,16.22583,N
2006-09-29 21:00:00,-8.880554,-2.2478907,27.049469,27.14441,0.0,17.80681,14.204651,N
2006-09-30 00:00:00,-8.580453,-1.0319762,26.476227,27.125153,0.0,16.799225,6.8580627,N
2006-09-30 03:00:00,-8.565824,0.28711867,26.07019,27.125153,0.0,16.65994,358.08023,N
2006-09-30 06:00:00,-8.961206,1.2171785,25.740326,27.125153,3.402587e-06,17.5791,352.26498,N
2006-09-30 09:00:00,-8.502802,1.9066033,25.764282,27.125153,6.6987704e-06,16.938509,347.36148,N
2006-09-30 12:00:00,-8.422712,1.9634874,27.902924,27.125153,0.0,16.811392,346.87766,N
2006-09-30 15:00:00,-8.038208,-0.46905953,29.10199,27.125153,0.0,15.65157,3.3396301,N
2006-09-30 18:00:00,-8.656229,-2.7749188,28.778473,27.125153,0.0,17.66976,17.774231,N
2006-09-30 21:00:00,-9.062678,-2.023406,27.062683,27.125153,0.0,18.050135,12.585907,N
2006-10-01 00:00:00,-7.9759374,-0.9731186,26.387146,27.133453,0.0,15.618914,6.956085,N
2006-10-01 03:00:00,-8.20814,0.25912538,26.078064,27.133453,0.0,15.963261,358.1918,N
2006-10-01 06:00:00,-8.508616,1.5581226,25.994019,27.133453,7.974682e-06,16.814419,349.6228,N
2006-10-01 09:00:00,-7.9759374,2.4723914,26.146362,27.133453,0.0,16.231737,342.77753,N
2006-10-01 12:00:00,-8.250905,2.4632397,28.164917,27.133453,0.0,16.737917,343.37744,N
2006-10-01 15:00:00,-8.239839,-0.5175095,30.348816,27.133453,0.0,16.048487,3.5937805,N
2006-10-01 18:00:00,-8.78771,-2.296879,29.750427,27.133453,0.0,17.65575,14.647919,N
2006-10-01 21:00:00,-8.832351,-1.7590845,27.314392,27.133453,0.0,17.505875,11.263855,N
2006-10-02 00:00:00,-8.173629,-1.4125776,26.588013,27.161774,0.0,16.123749,9.805084,N
2006-10-02 03:00:00,-7.3943043,-0.3748513,26.273132,27.161774,0.0,14.391802,2.9020996,N
2006-10-02 06:00:00,-8.071032,1.241224,25.886353,27.161774,0.0,15.873234,351.2571,N
2006-10-02 09:00:00,-7.996007,2.235525,26.231628,27.161774,4.997477e-06,16.138988,344.38007,N
2006-10-02 12:00:00,-7.5715513,2.5789812,28.35147,27.161774,2.5520567e-06,15.548233,341.1904,N
2006-10-02 15:00:00,-6.6866283,-1.1538191,30.028473,27.161774,0.0,13.189825,9.790344,N
2006-10-02 18:00:00,-8.087538,-3.1399083,28.856628,27.161774,5.529262e-06,16.864119,21.218231,N
2006-10-02 21:00:00,-8.7939005,-2.5400262,27.378113,27.161774,0.0,17.792713,16.11081,N
2006-10-03 00:00:00,-8.130864,-0.78739375,26.869568,27.18814,0.0,15.879036,5.5312805,N
2006-10-03 03:00:00,-7.6822133,0.8141466,26.554138,27.18814,0.0,15.016618,353.95047,N
2006-10-03 06:00:00,-8.136679,1.8655107,26.36319,27.18814,5.84824e-06,16.226778,347.08688,N
2006-10-03 09:00:00,-7.0244293,2.6434016,26.105804,27.18814,1.2761448e-06,14.589187,339.3779,N
2006-10-03 12:00:00,-7.787061,2.2489831,28.254303,27.18814,1.0951888e-05,15.755449,343.89075,N
2006-10-03 15:00:00,-7.8922844,-0.6153067,30.223999,27.18814,0.0,15.387892,4.457947,N
2006-10-03 18:00:00,-8.81772,-2.1396859,29.366394,27.18814,0.0,17.637651,13.639618,N
2006-10-03 21:00:00,-9.063428,-1.8310418,27.14444,27.18814,0.0,17.97379,11.421478,N
2006-10-04 00:00:00,-8.940387,-1.3619742,26.758179,27.192993,0.0,17.579182,8.661804,N
2006-10-04 03:00:00,-8.3109255,-0.061900496,26.36319,27.192993,0.0,16.155556,0.4267273,N
2006-10-04 06:00:00,-8.177005,1.5096726,25.964508,27.192993,4.253816e-07,16.163414,349.5396,N
2006-10-04 09:00:00,-7.9478025,2.7639883,26.18277,27.192993,7.124152e-06,16.356834,340.82397,N
2006-10-04 12:00:00,-8.140617,2.7076428,28.378815,27.192993,0.0,16.676401,341.60242,N
2006-10-04 15:00:00,-8.091101,-1.2900171,30.054596,27.192993,0.0,15.926452,9.058807,N
2006-10-04 18:00:00,-8.804216,-2.9007092,28.74527,27.192993,0.0,18.018919,18.235413,N
2006-10-04 21:00:00,-9.772417,-1.9374521,27.129791,27.192993,0.0,19.365747,11.213898,N
2006-10-05 00:00:00,-8.908689,-1.0316174,26.515228,27.15686,0.0,17.432785,6.605377,N
2006-10-05 03:00:00,-8.54294,1.1245852,26.36856,27.15686,0.0,16.749374,352.50076,N
2006-10-05 06:00:00,-8.530936,1.7397203,26.234772,27.15686,8.507632e-07,16.924082,348.4737,N
2006-10-05 09:00:00,-8.484233,2.252572,26.113678,27.15686,6.2736217e-06,17.063362,345.13095,N
2006-10-05 12:00:00,-8.524935,2.3320658,27.98523,27.15686,5.4972246e-05,17.179966,344.7006,N
2006-10-05 15:00:00,-8.481607,-0.71005327,29.121002,27.15686,1.6162172e-05,16.544561,4.7854614,N
2006-10-05 18:00:00,-9.226796,-2.288804,28.158356,27.15686,6.284076e-05,18.478996,13.93161,N
2006-10-05 21:00:00,-9.519957,-2.0784955,27.1781,27.15686,0.0,18.941193,12.316132,N
2006-10-06 00:00:00,-8.499801,-0.9108514,26.942566,27.10611,0.0,16.61685,6.1165466,N
2006-10-06 03:00:00,-8.716062,1.1102297,26.373901,27.10611,4.253816e-07,17.079525,352.7409,N
2006-10-06 06:00:00,-8.741383,1.9130635,26.211609,27.10611,1.7012935e-06,17.39401,347.65536,N
2006-10-06 09:00:00,-7.613753,3.3087811,26.237732,27.10611,8.507632e-07,16.137064,336.51123,NW
2006-10-06 12:00:00,-8.512368,3.025977,28.609741,27.10611,4.253816e-07,17.561058,340.43073,N
2006-10-06 15:00:00,-8.191822,-0.4477057,29.859283,27.10611,0.0,15.947355,3.1282654,N
2006-10-06 18:00:00,-8.66692,-2.001155,29.071716,27.10611,9.56934e-07,17.290358,13.001495,N
2006-10-06 21:00:00,-9.873138,-2.2164881,27.278748,27.10611,0.0,19.66948,12.652954,N
2006-10-07 00:00:00,-8.956705,-0.5957473,26.719818,27.07193,0.0,17.448872,3.805359,N
2006-10-07 03:00:00,-7.8883452,1.107538,26.47229,27.07193,0.0,15.484077,352.0078,N
2006-10-07 06:00:00,-7.904851,1.9844823,26.188873,27.07193,2.9772054e-06,15.842575,345.90735,N
2006-10-07 09:00:00,-6.180771,3.8327587,25.98111,27.07193,0.0,14.136939,328.19653,NW
2006-10-07 12:00:00,-6.789413,3.7643902,28.501312,27.07193,0.0,15.090356,330.99384,NW
2006-10-07 15:00:00,-6.7509623,-0.64024943,30.499878,27.07193,0.0,13.181673,5.417633,N
2006-10-07 18:00:00,-7.987754,-2.3045952,29.65152,27.07193,0.0,16.16024,16.093689,N
2006-10-07 21:00:00,-8.485359,-1.7666211,27.684448,27.07193,0.0,16.847866,11.760773,N
2006-10-08 00:00:00,-8.16275,-0.88124317,27.094147,27.04068,0.0,15.959279,6.161743,N
2006-10-08 03:00:00,-8.543316,0.6691556,26.729889,27.04068,0.0,16.657701,355.52145,N
2006-10-08 06:00:00,-7.9093523,2.1635678,26.21991,27.04068,0.0,15.939354,344.70126,N
2006-10-08 09:00:00,-6.9713492,3.301424,26.077057,27.04068,4.253816e-07,14.993939,334.65915,NW
2006-10-08 12:00:00,-7.4456964,3.700508,28.6503,27.04068,0.0,16.162205,333.57263,NW
2006-10-08 15:00:00,-7.41925,-0.03839326,30.5766,27.04068,0.0,14.422028,0.29647827,N
2006-10-08 18:00:00,-8.371133,-2.1612191,29.749878,27.04068,0.0,16.8057,14.476227,N
2006-10-08 21:00:00,-9.716148,-1.7190685,27.555267,27.04068,0.0,19.179972,10.033447,N
2006-10-09 00:00:00,-9.309886,-1.304014,27.115143,27.001099,0.0,18.27359,7.973419,N
2006-10-09 03:00:00,-8.580641,0.0814755,26.630768,27.001099,0.0,16.680145,359.45596,N
2006-10-09 06:00:00,-9.093626,1.2767539,26.385376,27.001099,1.7012935e-06,17.849928,352.00787,N
2006-10-09 09:00:00,-7.9810014,2.5073829,26.143951,27.001099,4.253816e-07,16.261398,342.5589,N
2006-10-09 12:00:00,-8.405457,3.0860908,28.563843,27.001099,2.9772054e-06,17.405312,339.8391,N
2006-10-09 15:00:00,-8.6823,-0.7730382,30.064545,27.001099,0.0,16.943764,5.087982,N
2006-10-09 18:00:00,-9.513767,-2.741542,28.54242,27.001099,0.00011207117,19.245766,16.075165,N
2006-10-09 21:00:00,-9.941411,-1.6681063,27.338318,27.001099,0.0,19.594662,9.5251465,N
2006-10-10 00:00:00,-9.34196,-0.11017096,26.728455,26.939117,0.0,18.160538,0.6756592,N
2006-10-10 03:00:00,-8.418962,0.964162,26.59491,26.939117,0.0,16.472084,353.4668,N
2006-10-10 06:00:00,-7.956806,1.8576152,26.183746,26.939117,0.0,15.882671,346.85898,N
2006-10-10 09:00:00,-7.989067,2.6634994,26.09433,26.939117,7.124152e-06,16.36979,341.56198,N
2006-10-10 12:00:00,-8.917316,2.987217,28.293884,26.939117,6.730645e-05,18.280573,341.47964,N
2006-10-10 15:00:00,-8.955204,0.5625657,29.737,26.939117,4.253816e-07,17.441797,356.4054,N
2006-10-10 18:00:00,-8.808718,-1.4985313,29.355896,26.939117,0.0,17.368742,9.654663,N
2006-10-10 21:00:00,-8.806279,-1.6910751,27.500183,26.939117,0.0,17.43076,10.870209,N
2006-10-11 00:00:00,-8.501302,-0.9016997,26.903015,26.8815,0.0,16.617867,6.0545044,N
2006-10-11 03:00:00,-7.4815207,0.5882262,26.280457,26.8815,0.0,14.58776,355.50443,N
2006-10-11 06:00:00,-7.746735,2.4391942,26.092926,26.8815,3.8279686e-06,15.787232,342.5225,N
2006-10-11 09:00:00,-6.847933,3.093089,26.12909,26.8815,7.974682e-06,14.606168,335.69217,NW
2006-10-11 12:00:00,-7.183858,2.9053905,28.63324,26.8815,7.974682e-06,15.063081,337.97995,N
2006-10-11 15:00:00,-7.0398097,-0.3285547,30.319977,26.8815,0.0,13.699159,2.6721191,N
2006-10-11 18:00:00,-8.243215,-2.4217722,29.714264,26.8815,0.0,16.700693,16.372253,N
2006-10-11 21:00:00,-8.397954,-2.2270753,27.497223,26.8815,0.0,16.888546,14.852539,N
2006-10-12 00:00:00,-7.973874,-0.8021082,27.174927,26.857086,0.0,15.578158,5.744171,N
2006-10-12 03:00:00,-7.6998444,-0.15305817,26.600494,26.857086,0.0,14.970222,1.138794,N
2006-10-12 06:00:00,-7.1101456,1.2853673,26.362213,26.857086,3.8279686e-06,14.045012,349.75278,N
2006-10-12 09:00:00,-7.1930485,2.8354073,26.208649,26.857086,9.8992605e-05,15.029226,338.48627,N
2006-10-12 12:00:00,-6.4283543,3.5625155,28.463715,26.857086,4.444574e-05,14.286266,331.0053,NW
2006-10-12 15:00:00,-6.621544,-0.6951594,30.125092,26.857086,0.0,12.941959,5.993225,N
2006-10-12 18:00:00,-7.818947,-2.9531069,29.382446,26.857086,0.0,16.246685,20.690857,N
2006-10-12 21:00:00,-8.613839,-2.6435654,27.280396,26.857086,0.0,17.514708,17.061127,N
2006-10-13 00:00:00,-7.683902,-1.7382691,26.957886,26.859985,0.0,15.3137,12.747009,N
2006-10-13 03:00:00,-7.21143,-0.340398,26.307037,26.859985,0.0,14.033474,2.7025146,N
2006-10-13 06:00:00,-7.5698633,0.70791554,26.06659,26.859985,5.84824e-06,14.778807,354.65738,N
2006-10-13 09:00:00,-6.6054134,2.0472877,26.01477,26.859985,3.8279686e-06,13.442447,342.77966,N
2006-10-13 12:00:00,-7.5327253,1.2631161,28.413452,26.859985,0.0,14.846843,350.481,N
2006-10-13 15:00:00,-7.214806,-1.7185302,29.707703,26.859985,0.0,14.416791,13.397888,N
2006-10-13 18:00:00,-7.6047497,-2.9739225,28.681335,26.859985,0.0,15.872551,21.358551,N
2006-10-13 21:00:00,-7.4513235,-2.182932,27.213715,26.859985,0.0,15.092939,16.32843,N
2006-10-14 00:00:00,-8.137054,-1.5918424,26.38977,26.886383,0.0,16.116957,11.068909,N
2006-10-14 03:00:00,-7.5679874,-1.3345194,26.263855,26.886383,0.0,14.937923,10.00058,N
2006-10-14 06:00:00,-7.334284,-0.10119879,26.22113,26.886383,7.124152e-06,14.258032,0.79052734,N
2006-10-14 09:00:00,-7.283079,1.263834,26.341461,26.886383,6.3797925e-06,14.368714,350.1555,N
2006-10-14 12:00:00,-7.384363,0.77646327,28.327972,26.886383,4.253816e-07,14.433154,353.99744,N
2006-10-14 15:00:00,-6.852997,-1.8954623,29.718842,26.886383,0.0,13.821282,15.460846,N
2006-10-14 18:00:00,-7.295271,-2.7873003,28.784058,26.886383,0.0,15.1806345,20.91034,N
2006-10-14 21:00:00,-7.286455,-2.282344,27.145416,26.886383,0.0,14.842275,17.392181,N
2006-10-15 00:00:00,-6.8520594,-1.4782543,26.45404,26.932281,0.0,13.625744,12.174316,N
2006-10-15 03:00:00,-6.7243285,-1.5520058,26.177612,26.932281,4.253816e-07,13.414653,12.9965515,N
2006-10-15 06:00:00,-7.2011137,-0.96109587,26.206696,26.932281,1.3610348e-05,14.121934,7.602051,N
2006-10-15 09:00:00,-7.1622887,0.0034172535,26.092163,26.932281,1.4354475e-05,13.922345,359.97266,N
2006-10-15 12:00:00,-7.300523,-0.10873544,27.894958,26.932281,5.1038805e-06,14.192622,0.853302,N
2006-10-15 15:00:00,-7.3121514,-1.8118412,29.933716,26.932281,0.0,14.643494,13.916748,N
2006-10-15 18:00:00,-7.1101456,-2.7341847,29.32486,26.932281,0.0,14.807665,21.034088,N
2006-10-15 21:00:00,-7.1386557,-2.1945958,27.449371,26.932281,0.0,14.51733,17.088684,N
2006-10-16 00:00:00,-7.9123535,-1.2291856,26.498718,26.979156,0.0,15.564835,8.830322,N
2006-10-16 03:00:00,-6.7059474,-0.23255199,26.090729,26.979156,0.0,13.043125,1.986145,N
2006-10-16 06:00:00,-6.374523,0.45310465,25.779694,26.979156,0.0,12.422317,355.93423,N
2006-10-16 09:00:00,-7.2333746,1.6473064,25.758484,26.979156,1.7012935e-06,14.420533,347.17044,N
2006-10-16 12:00:00,-6.910016,1.9058857,28.414642,26.979156,0.0,13.933513,344.58035,N
2006-10-16 15:00:00,-5.7566905,-1.4856114,30.01941,26.979156,0.0,11.556702,14.470428,N
2006-10-16 18:00:00,-6.1391315,-3.143856,29.170868,26.979156,0.0,13.40725,27.117035,NE
2006-10-16 21:00:00,-7.7534876,-2.881329,27.195251,26.979156,0.0,16.078579,20.385925,N
2006-10-17 00:00:00,-7.0893264,-1.875185,26.68573,27.021149,0.0,14.254441,14.815887,N
2006-10-17 03:00:00,-6.1040573,-1.5202441,26.24408,27.021149,0.0,12.227767,13.98526,N
2006-10-17 06:00:00,-6.71345,-0.44393736,26.120026,27.021149,4.7848327e-05,13.078373,3.7832642,N
2006-10-17 09:00:00,-5.8879843,2.217401,26.310974,27.021149,0.00016885088,12.230018,339.36374,N
2006-10-17 12:00:00,-6.4159746,1.6715314,28.205688,27.021149,1.1909055e-05,12.88793,345.39752,N
2006-10-17 15:00:00,-5.9048653,-1.1227751,29.752289,27.021149,9.7823795e-06,11.683765,10.76593,N
2006-10-17 18:00:00,-6.8076067,-2.8188825,28.775085,27.021149,4.5083696e-05,14.322501,22.493378,N
2006-10-17 21:00:00,-8.316739,-1.9073055,27.38684,27.021149,0.0,16.58609,12.916473,N
2006-10-18 00:00:00,-8.557008,-1.3077822,26.734802,27.065063,0.0,16.826591,8.689362,N
2006-10-18 03:00:00,-7.673398,-0.95643026,26.447144,27.065063,0.0,15.031276,7.104828,N
2006-10-18 06:00:00,-7.4044323,-0.099763215,26.174225,27.065063,1.9351952e-05,14.394339,0.7719116,N
2006-10-18 09:00:00,-7.2586956,0.60222286,26.363983,27.065063,7.815217e-05,14.15822,355.25726,N
2006-10-18 12:00:00,-7.6559544,0.64708394,28.237488,27.065063,1.3078563e-05,14.935012,355.16882,N
2006-10-18 15:00:00,-6.90814,-1.9929004,29.723785,27.065063,7.974682e-06,13.975933,16.092102,N
2006-10-18 18:00:00,-7.2493176,-2.5303361,28.958618,27.065063,3.1897798e-07,14.925249,19.241272,N
2006-10-18 21:00:00,-8.032956,-1.3700492,27.58783,27.065063,0.0,15.840259,9.678864,N
2006-10-19 00:00:00,-7.4937124,-1.079529,26.603638,27.115112,0.0,14.71695,8.19751,N
2006-10-19 03:00:00,-7.0957036,-0.9801169,26.354889,27.115112,4.253816e-07,13.923871,7.8644104,N
2006-10-19 06:00:00,-6.788663,-0.30181748,26.167664,27.115112,7.868512e-06,13.20911,2.5456543,N
2006-10-19 09:00:00,-6.014965,0.7490083,26.173676,27.115112,0.0,11.782432,352.90182,N
2006-10-19 12:00:00,-7.502528,0.42600855,28.552917,27.115112,1.0633375e-06,14.607205,356.75012,N
2006-10-19 15:00:00,-7.647139,-1.5170143,29.651978,27.115112,2.8710347e-06,15.154483,11.220459,N
2006-10-19 18:00:00,-7.9380493,-1.9352989,29.078278,27.115112,2.0096311e-05,15.882257,13.701447,N
2006-10-19 21:00:00,-8.271349,-1.9223788,27.313416,27.115112,0.0,16.50671,13.084076,N
2006-10-20 00:00:00,-8.656979,-0.96091634,26.470642,27.178864,0.0,16.93113,6.3338623,N
2006-10-20 03:00:00,-7.646764,-0.71543664,26.102417,27.178864,0.0,14.929001,5.3450623,N
2006-10-20 06:00:00,-7.1664147,0.4873785,25.851715,27.178864,4.253816e-07,13.962542,356.10938,N
2006-10-20 09:00:00,-6.3169413,1.9372885,26.196411,27.178864,4.253816e-07,12.8435955,342.9502,N
2006-10-20 12:00:00,-7.5270987,0.59127676,28.236511,27.178864,0.0,14.676549,355.50845,N
2006-10-20 15:00:00,-7.806755,-1.6140935,29.692291,27.178864,0.0,15.49604,11.681641,N
2006-10-20 18:00:00,-7.687465,-2.3727841,29.055328,27.178864,0.0,15.638822,17.153168,N
2006-10-20 21:00:00,-7.9350486,-2.3578901,27.273834,27.178864,0.0,16.091034,16.549255,N
2006-10-21 00:00:00,-7.9372993,-2.3648884,26.481354,27.226929,0.0,16.099104,16.591217,N
2006-10-21 03:00:00,-6.68419,-1.4926097,26.00351,27.226929,0.0,13.313003,12.587891,N
2006-10-21 06:00:00,-6.12694,0.22951707,25.754547,27.226929,1.2761448e-06,11.918144,357.85468,N
2006-10-21 09:00:00,-6.1245017,1.483115,25.829742,27.226929,0.0,12.249146,346.38727,N
2006-10-21 12:00:00,-6.9600954,0.20547152,28.270386,27.226929,0.0,13.535206,358.30905,N
2006-10-21 15:00:00,-6.2843056,-2.7013466,29.559174,27.226929,0.0,13.296458,23.260742,NE
2006-10-21 18:00:00,-7.298459,-3.7485833,28.755768,27.226929,0.0,15.948894,27.185608,NE
2006-10-21 21:00:00,-7.369358,-3.1551611,26.907806,27.226929,0.0,15.582576,23.177979,NE
2006-10-22 00:00:00,-7.5906825,-3.1879995,26.617859,27.242584,0.0,16.003576,22.78186,NE
2006-10-22 03:00:00,-6.4388576,-1.7436523,26.3927,27.242584,1.8501421e-05,12.966916,15.152374,N
2006-10-22 06:00:00,-5.226262,-1.2577171,26.137085,27.242584,7.124152e-06,10.449052,13.531128,N
2006-10-22 09:00:00,-5.7433734,-0.7972632,26.230621,27.242584,7.762108e-06,11.27125,7.9029846,N
2006-10-22 12:00:00,-7.2947083,0.18716821,27.78598,27.242584,2.126675e-06,14.184413,358.5302,N
2006-10-22 15:00:00,-6.279804,-1.0140319,29.227478,27.242584,0.0,12.365053,9.172668,N
2006-10-22 18:00:00,-6.014965,-3.63661,29.207672,27.242584,0.0,13.662961,31.15689,NE
2006-10-22 21:00:00,-6.7127,-3.5434785,26.863434,27.242584,0.0,14.754831,27.828522,NE
2006-10-23 00:00:00,-5.9478173,-1.8491657,26.718414,27.240631,0.0,12.107478,17.270386,N
2006-10-23 03:00:00,-4.636751,0.22682539,26.187347,27.240631,0.0,9.02388,357.19937,N
2006-10-23 06:00:00,-4.7884893,1.7924769,25.798492,27.240631,4.359521e-06,9.938823,339.4776,N
2006-10-23 09:00:00,-5.0765867,3.3120112,25.924927,27.240631,4.9230643e-05,11.782484,326.8792,NW
2006-10-23 12:00:00,-5.709237,3.0860908,28.024353,27.240631,6.96457e-05,12.615408,331.60684,NW
2006-10-23 15:00:00,-6.218283,-0.564524,30.064331,27.240631,2.392428e-05,12.137056,5.1873474,N
2006-10-23 18:00:00,-8.214705,-2.541641,29.13031,27.240631,2.8710347e-06,16.714914,17.192139,N
2006-10-23 21:00:00,-8.855045,-2.0758038,27.50357,27.240631,0.0,17.679413,13.193085,N
2006-10-24 00:00:00,-8.593395,-0.8462514,26.886383,27.236694,0.0,16.784986,5.624176,N
2006-10-24 03:00:00,-8.179069,0.6153223,26.26648,27.236694,0.0,15.943729,355.69766,N
2006-10-24 06:00:00,-7.436693,2.55673,26.062439,27.236694,1.0951888e-05,15.286206,341.02707,N
2006-10-24 09:00:00,-6.808732,3.4322388,26.08023,27.236694,3.8279686e-06,14.821586,333.24762,NW
2006-10-24 12:00:00,-8.845668,2.0390334,28.586334,27.236694,5.210284e-06,17.645473,347.01938,N
2006-10-24 15:00:00,-8.478419,-0.09581542,29.795044,27.236694,4.359521e-06,16.481743,0.64749146,N
2006-10-24 18:00:00,-9.068493,-1.19222,28.759674,27.236694,6.2415376e-05,17.779385,7.489624,N
2006-10-24 21:00:00,-9.756099,-1.322676,26.916443,27.236694,0.0,19.137787,7.720764,N
2006-10-25 00:00:00,-9.167901,-0.81269544,26.505737,27.248444,0.0,17.890816,5.065796,N
2006-10-25 03:00:00,-9.292255,-0.27113253,25.851501,27.248444,0.0,18.070345,1.6713257,N
2006-10-25 06:00:00,-8.287855,0.14948493,25.868744,27.248444,0.0,16.112886,358.96667,N
2006-10-25 09:00:00,-7.7026577,1.737567,25.865143,27.248444,4.572328e-06,15.348962,347.288,N
2006-10-25 12:00:00,-7.59781,0.99018145,28.263062,27.248444,1.88204e-05,14.893821,352.5748,N
2006-10-25 15:00:00,-7.109208,-1.495122,29.52649,27.248444,0.0,14.121464,11.876678,N
2006-10-25 18:00:00,-7.6702094,-2.6342344,28.243835,27.248444,0.0,15.764447,18.954376,N
2006-10-25 21:00:00,-7.7336054,-1.8188396,27.120514,27.248444,0.0,15.443051,13.23468,N
2006-10-26 00:00:00,-7.7461724,-0.90887755,26.598297,27.259186,0.0,15.160612,6.692047,N
2006-10-26 03:00:00,-7.4190626,-0.66268,26.147339,27.259186,0.0,14.478887,5.104187,N
2006-10-26 06:00:00,-5.9902067,1.1619096,25.81488,27.259186,1.5098834e-05,11.861026,349.02277,N
2006-10-26 09:00:00,-5.031946,2.465752,25.5495,27.259186,5.4972246e-05,10.892516,333.89426,NW
2006-10-26 12:00:00,-5.9939575,1.6727875,28.290161,27.259186,0.0,12.096519,344.4067,N
2006-10-26 15:00:00,-6.047413,-1.7248106,29.801361,27.259186,0.0,12.223983,15.918915,N
2006-10-26 18:00:00,-7.480958,-3.6427112,28.790619,27.259186,0.0,16.174112,25.96289,NE
2006-10-26 21:00:00,-7.527849,-2.8847387,27.26181,27.259186,0.0,15.670562,20.967285,N
2006-10-27 00:00:00,-7.1232753,-2.5873995,26.549652,27.255249,0.0,14.731651,19.962616,N
2006-10-27 03:00:00,-6.108934,-0.4477057,26.132935,27.255249,0.0,11.906636,4.191559,N
2006-10-27 06:00:00,-5.91837,0.9338359,25.601746,27.255249,1.7012935e-06,11.646692,351.03345,N
2006-10-27 09:00:00,-6.1627645,1.0955153,25.822205,27.255249,3.8279686e-06,12.167231,349.9202,N
2006-10-27 12:00:00,-7.3399105,1.0668042,27.80774,27.255249,0.0,14.417523,351.73038,N
2006-10-27 15:00:00,-6.6528673,-1.4890208,29.916138,27.255249,0.0,13.252061,12.615814,N
2006-10-27 18:00:00,-7.814633,-2.9518507,29.190308,27.255249,0.0,16.237978,20.693237,N
2006-10-27 21:00:00,-8.228772,-2.702423,27.172302,27.255249,0.0,16.83592,18.180786,N
2006-10-28 00:00:00,-7.7035956,-1.3795598,26.600494,27.253296,0.0,15.212777,10.152893,N
2006-10-28 03:00:00,-6.9130173,-0.7428916,26.21347,27.253296,0.0,13.515168,6.133606,N
2006-10-28 06:00:00,-6.3574553,0.7892038,25.678589,27.253296,0.0,12.452731,352.9236,N
2006-10-28 09:00:00,-6.4131613,1.510211,25.66275,27.253296,1.8076971e-06,12.807144,346.74905,N
2006-10-28 12:00:00,-6.9557815,0.5193196,28.086334,27.253296,0.0,13.5585575,355.73022,N
2006-10-28 15:00:00,-6.5358276,-2.45802,29.850983,27.253296,0.0,13.573363,20.610474,N
2006-10-28 18:00:00,-6.7625914,-3.5632176,28.956635,27.253296,0.0,14.858513,27.78479,NE
2006-10-28 21:00:00,-6.71964,-3.126809,27.135132,27.253296,0.0,14.406792,24.953674,NE
2006-10-29 00:00:00,-6.519322,-2.8764842,26.963226,27.272827,0.0,13.851236,23.808228,NE
2006-10-29 03:00:00,-6.110997,-2.318233,26.642792,27.272827,0.0,12.704819,20.774445,N
2006-10-29 06:00:00,-5.609453,-0.940998,26.59787,27.272827,9.4634015e-06,11.056237,9.522827,N
2006-10-29 09:00:00,-6.55102,-0.825077,26.065582,27.272827,8.304324e-05,12.834736,7.178406,N
2006-10-29 12:00:00,-6.3323216,-0.44106632,27.775055,27.272827,3.721565e-06,12.338843,3.9844055,N
2006-10-29 15:00:00,-5.8780437,-1.8082523,29.38681,27.272827,1.0633375e-06,11.954406,17.099365,N
2006-10-29 18:00:00,-6.6986322,-3.2089944,28.939362,27.272827,0.0,14.438076,25.596863,NE
2006-10-29 21:00:00,-7.3265934,-3.6599379,27.177887,27.272827,0.0,15.919813,26.544037,NE
2006-10-30 00:00:00,-7.3804245,-2.7646904,26.671753,27.332428,0.0,15.319899,20.535828,N
2006-10-30 03:00:00,-6.787725,-1.2157273,26.484528,27.332428,4.253816e-07,13.404212,10.154388,N
2006-10-30 06:00:00,-6.005024,0.42726466,25.988434,27.332428,3.3174874e-05,11.702315,355.9302,N
2006-10-30 09:00:00,-5.694982,1.0249937,26.035767,27.332428,1.2761448e-06,11.248005,349.79703,N
2006-10-30 12:00:00,-6.8531847,1.023917,28.141296,27.332428,0.0,13.469359,351.50244,N
2006-10-30 15:00:00,-6.886383,-1.099268,29.65033,27.332428,0.0,13.555502,9.06955,N
2006-10-30 18:00:00,-7.5949965,-2.9728458,29.114899,27.332428,0.0,15.854132,21.376434,N
2006-10-30 21:00:00,-8.728253,-2.8721776,27.070435,27.332428,0.0,17.861322,18.21466,N
2006-10-31 00:00:00,-8.566573,-1.2849927,26.793396,27.416412,0.0,16.838343,8.530823,N
2006-10-31 03:00:00,-7.745985,-0.19379205,26.007996,27.416412,0.0,15.061667,1.433136,N
2006-10-31 06:00:00,-7.0270557,1.3388417,25.95401,27.416412,0.0,13.905185,349.21292,N
2006-10-31 09:00:00,-6.653617,1.8504374,25.857819,27.416412,1.2121629e-05,13.424426,344.45822,N
2006-10-31 12:00:00,-7.465578,1.4554805,28.245789,27.416412,0.0,14.785109,348.96808,N
2006-10-31 15:00:00,-7.462014,-1.084374,29.697876,27.416412,4.253816e-07,14.657316,8.268311,N
2006-10-31 18:00:00,-8.380323,-2.016946,28.613464,27.416412,5.210284e-06,16.755167,13.532379,N
2006-10-31 21:00:00,-9.061928,-1.9503722,27.453949,27.416412,0.0,18.018307,12.146301,N
2006-11-01 00:00:00,-9.056113,-0.35618907,27.002136,27.497437,0.0,17.617247,2.2523499,N
2006-11-01 03:00:00,-7.9896297,0.61191285,26.582214,27.497437,0.0,15.576045,355.62036,N
2006-11-01 06:00:00,-8.768017,0.5919945,26.13269,27.497437,8.507632e-07,17.082426,356.1374,N
2006-11-01 09:00:00,-7.937112,1.5827065,26.035309,27.497437,0.0,15.732224,348.7228,N
2006-11-01 12:00:00,-8.57145,1.2808812,28.45279,27.497437,0.0,16.846535,351.50085,N
2006-11-01 15:00:00,-8.7618265,-0.6962361,29.924988,27.497437,0.0,17.085276,4.5433044,N
2006-11-01 18:00:00,-8.926507,-1.7328856,29.329773,27.497437,0.0,17.675632,10.986084,N
2006-11-01 21:00:00,-7.8632116,-1.2543077,27.768188,27.497437,0.0,15.478067,9.063232,N
2006-11-02 00:00:00,-7.0154266,-0.7163338,26.714691,27.56485,0.0,13.707772,5.8301697,N
2006-11-02 03:00:00,-6.8136086,-0.6409672,26.406372,27.56485,0.0,13.3030405,5.3740845,N
2006-11-02 06:00:00,-6.8619995,1.262219,26.33435,27.56485,4.572328e-06,13.562409,349.57733,N
2006-11-02 09:00:00,-5.953444,3.082502,26.012146,27.56485,1.38229225e-05,13.031749,332.62634,NW
2006-11-02 12:00:00,-7.4481344,1.8441567,28.571716,27.56485,2.5412766e-05,14.915172,346.09326,N
2006-11-02 15:00:00,-8.330244,-0.59790057,29.70398,27.56485,0.0,16.234316,4.1053467,N
2006-11-02 18:00:00,-7.9372993,-1.5555947,28.847137,27.56485,3.8279686e-06,15.722361,11.088593,N
2006-11-02 21:00:00,-7.842955,-1.8078935,27.72522,27.56485,0.0,15.6452465,12.980621,N
2006-11-03 00:00:00,-8.036708,-1.7283995,27.09439,27.610748,0.0,15.979268,12.137329,N
2006-11-03 03:00:00,-7.4205627,-0.9420747,26.698395,27.610748,0.0,14.540164,7.23526,N
2006-11-03 06:00:00,-6.697132,1.3253834,26.432495,27.610748,3.9448263e-05,13.270637,348.80563,N
2006-11-03 09:00:00,-6.0442247,1.0485008,26.443329,27.610748,0.0,11.924474,350.15875,N
2006-11-03 12:00:00,-6.286181,2.278053,28.429626,27.610748,0.0,12.996951,340.07996,N
2006-11-03 15:00:00,-5.4980407,-0.6007717,30.210114,27.610748,3.1897798e-07,10.750925,6.235962,N
2006-11-03 18:00:00,-7.247067,-2.6649194,29.38266,27.610748,0.0,15.009387,20.189667,N
2006-11-03 21:00:00,-8.191259,-2.5220816,27.485535,27.610748,0.0,16.660152,17.113556,N
2006-11-04 00:00:00,-7.1133347,-2.0824432,27.125854,27.62439,0.0,14.407527,16.317505,N
2006-11-04 03:00:00,-6.488937,-0.4270696,26.785065,27.62439,0.0,12.640744,3.765503,N
2006-11-04 06:00:00,-6.0541654,0.8640321,26.434998,27.62439,6.3797925e-06,11.887575,351.87778,N
2006-11-04 09:00:00,-5.6178937,2.3230937,26.399597,27.62439,0.00019437005,11.817123,337.5341,N
2006-11-04 12:00:00,-5.967511,2.7383277,28.24646,27.62439,4.168111e-05,12.762851,335.3509,NW
2006-11-04 15:00:00,-6.2726765,-0.06423324,29.518951,27.62439,0.00010186364,12.193719,0.58670044,N
2006-11-04 18:00:00,-6.9120793,-2.016946,28.882202,27.62439,5.529262e-06,13.99631,16.267242,N
2006-11-04 21:00:00,-8.128989,-2.42895,27.32904,27.62439,1.06403604e-07,16.49177,16.6362,N
2006-11-05 00:00:00,-6.633548,-1.2372606,26.944763,27.59607,0.0,13.116927,10.565155,N
2006-11-05 03:00:00,-6.229349,0.2232365,26.496216,27.59607,0.0,12.1166315,357.9476,N
2006-11-05 06:00:00,-6.538829,1.1532962,26.229431,27.59607,4.997477e-06,12.906626,349.99725,N
2006-11-05 09:00:00,-6.8299265,3.000496,26.229431,27.59607,5.550403e-05,14.500951,336.28336,NW
2006-11-05 12:00:00,-7.632884,2.1126056,28.365906,27.59607,1.41419005e-05,15.394921,344.52914,N
2006-11-05 15:00:00,-7.391115,-0.7671166,29.93811,27.59607,6.486196e-06,14.444321,5.9254456,N
2006-11-05 18:00:00,-8.972085,-2.4944472,29.292603,27.59607,5.890662e-05,18.101793,15.53717,N
2006-11-05 21:00:00,-9.326955,-1.9200461,27.520203,27.59607,0.0,18.510283,11.632385,N
2006-11-06 00:00:00,-8.719625,-1.5152197,26.885406,27.53946,0.0,17.203562,9.85791,N
2006-11-06 03:00:00,-8.044585,-0.30702138,26.637848,27.53946,1.2761448e-06,15.648771,2.1856384,N
2006-11-06 06:00:00,-7.9969444,-0.057593822,26.319275,27.53946,6.0395105e-05,15.545184,0.41262817,N
2006-11-06 09:00:00,-8.177755,-0.050416052,26.545288,27.53946,2.7539441e-05,15.89655,0.35321045,N
2006-11-06 12:00:00,-8.609526,-0.83476704,28.089294,27.53946,2.7007656e-05,16.814022,5.5379944,N
2006-11-06 15:00:00,-8.105731,-1.5053504,29.575134,27.53946,2.1280721e-07,16.025656,10.520782,N
2006-11-06 18:00:00,-7.9427385,-1.6322174,29.069427,27.53946,0.0,15.762041,11.612518,N
2006-11-06 21:00:00,-7.907852,-1.5137842,27.246521,27.53946,0.0,15.65071,10.836914,N
2006-11-07 00:00:00,-7.7564883,-0.27902806,26.74115,27.473053,0.0,15.087125,2.0602417,N
2006-11-07 03:00:00,-7.3871765,-0.67183167,26.226685,27.473053,0.0,14.418752,5.1965027,N
2006-11-07 06:00:00,-6.545393,0.44861853,25.696411,27.473053,0.0,12.753047,356.0791,N
2006-11-07 09:00:00,-6.0691705,1.692347,25.713013,27.473053,4.253816e-07,12.24756,344.41922,N
2006-11-07 12:00:00,-6.806856,0.54587734,28.391052,27.473053,0.0,13.273918,355.41498,N
2006-11-07 15:00:00,-7.0137386,-2.020176,29.887604,27.473053,0.0,14.187854,16.068054,N
2006-11-07 18:00:00,-7.7097855,-2.5534844,29.003845,27.473053,0.0,15.787173,18.32489,N
2006-11-07 21:00:00,-7.474206,-2.0967987,27.859009,27.473053,0.0,15.089548,15.670837,N
2006-11-08 00:00:00,-7.097767,-1.2221873,26.874695,27.416412,0.0,13.999971,9.770142,N
2006-11-08 03:00:00,-6.5384536,-0.5891078,26.718842,27.416412,0.0,12.761191,5.1483765,N
2006-11-08 06:00:00,-5.1502986,1.3169495,26.42398,27.416412,0.0,10.3334675,345.65662,N
2006-11-08 09:00:00,-4.8098717,2.6421456,25.925476,27.416412,4.253816e-07,10.667378,331.21924,NW
2006-11-08 12:00:00,-6.943777,0.51232123,28.767792,27.416412,0.0,13.53428,355.78027,N
2006-11-08 15:00:00,-6.569214,-2.217744,29.82486,27.416412,9.56934e-07,13.47755,18.65451,N
2006-11-08 18:00:00,-7.943864,-3.0439057,28.97226,27.416412,1.5951227e-06,16.536394,20.965668,N
2006-11-08 21:00:00,-7.7456098,-1.5338819,27.764557,27.416412,0.0,15.348617,11.201508,N
2006-11-09 00:00:00,-7.8015037,-0.69587713,26.629547,27.391968,0.0,15.225083,5.097168,N
2006-11-09 03:00:00,-7.220996,0.24459037,26.21643,27.391968,0.0,14.044511,358.06,N
2006-11-09 06:00:00,-6.5397663,-0.1227321,25.942963,27.391968,4.253816e-07,12.714498,1.0751343,N
2006-11-09 09:00:00,-5.8793564,1.6361809,25.951263,27.391968,0.0,11.862827,344.44852,N
2006-11-09 12:00:00,-6.8606873,0.9643414,28.538055,27.391968,0.0,13.467176,351.9989,N
2006-11-09 15:00:00,-7.82101,-2.0090504,29.635895,27.391968,0.0,15.696371,14.406555,N
2006-11-09 18:00:00,-8.554757,-2.1346614,29.021118,27.391968,5.210284e-06,17.138964,14.010864,N
2006-11-09 21:00:00,-8.131427,-0.98980695,27.602936,27.391968,0.0,15.922865,6.9402466,N
2006-11-10 00:00:00,-7.9508038,-1.26005,27.012848,27.423218,0.0,15.647972,9.005402,N
2006-11-10 03:00:00,-7.4449463,-0.09653324,26.667145,27.423218,0.0,14.4730015,0.7428589,N
2006-11-10 06:00:00,-6.696757,0.5977368,26.226929,27.423218,3.8279686e-06,13.069176,354.89944,N
2006-11-10 09:00:00,-6.2349763,1.35876,26.222748,27.423218,5.4228585e-06,12.404252,347.706,N
2006-11-10 12:00:00,-7.020866,-0.2863853,28.397156,27.423218,0.0,13.658789,2.335846,N
2006-11-10 15:00:00,-7.1420317,-2.0619864,29.530212,27.423218,0.0,14.44999,16.104034,N
2006-11-10 18:00:00,-6.982978,-3.233399,28.966919,27.423218,6.805174e-06,14.958331,24.846039,NE
2006-11-10 21:00:00,-7.41231,-2.407596,27.400726,27.423218,0.0,15.149345,17.994324,N
2006-11-11 00:00:00,-6.7639046,-0.5219956,26.94519,27.498444,0.0,13.187043,4.4129944,N
2006-11-11 03:00:00,-6.265174,-0.8462514,26.25238,27.498444,0.0,12.289089,7.692505,N
2006-11-11 06:00:00,-5.603076,-0.4283257,25.812134,27.498444,0.0,10.923261,4.37146,N
2006-11-11 09:00:00,-5.673975,-0.27777195,25.792908,27.498444,0.0,11.042508,2.8027039,N
2006-11-11 12:00:00,-6.3945923,-1.3171132,28.227417,27.498444,0.0,12.690997,11.638611,N
2006-11-11 15:00:00,-6.267237,-2.7611015,29.437195,27.498444,0.0,13.312387,23.776428,NE
2006-11-11 18:00:00,-6.3600807,-3.044444,28.78363,27.498444,0.0,13.706384,25.579498,NE
2006-11-11 21:00:00,-6.010463,-1.7303734,27.424225,27.498444,0.0,12.157917,16.06076,N
2006-11-12 00:00:00,-5.3478026,-1.4784336,26.855896,27.59021,0.0,10.785205,15.453796,N
2006-11-12 03:00:00,-5.670411,-1.454747,26.39447,27.59021,0.0,11.379328,14.388947,N
2006-11-12 06:00:00,-5.7591286,-0.62320226,25.86493,27.59021,0.0,11.260178,6.1760254,N
2006-11-12 09:00:00,-5.607015,0.76354325,25.900787,27.59021,8.931849e-06,10.999734,352.24536,N
2006-11-12 12:00:00,-6.5761538,0.17335099,28.693237,27.59021,1.9883737e-05,12.787432,358.49,N
2006-11-12 15:00:00,-7.007736,-2.2373035,29.61612,27.59021,1.06403604e-07,14.299304,17.706299,N
2006-11-12 18:00:00,-7.9297967,-1.7953322,29.146576,27.59021,0.0,15.804377,12.756897,N
2006-11-12 21:00:00,-7.4648275,-0.9488936,27.9003,27.59021,0.0,14.6271925,7.2443237,N
2006-11-13 00:00:00,-7.1879845,0.19847319,27.050232,27.668365,0.0,13.977617,358.41837,N
2006-11-13 03:00:00,-7.001547,1.37814,26.900482,27.668365,4.253816e-07,13.871029,348.86462,N
2006-11-13 06:00:00,-6.4720564,1.698807,26.380035,27.668365,1.7012935e-06,13.006811,345.2926,N
2006-11-13 09:00:00,-6.1357555,2.2505982,26.288239,27.668365,0.0,12.703956,339.85693,N
2006-11-13 12:00:00,-7.2523184,1.8527701,28.829529,27.668365,0.0,14.5501175,345.669,N
2006-11-13 15:00:00,-8.007448,-0.93310255,30.122467,27.668365,0.0,15.670524,6.6466675,N
2006-11-13 18:00:00,-8.791837,-1.7515478,29.26233,27.668365,1.06403604e-07,17.425777,11.267181,N
2006-11-13 21:00:00,-8.689053,-1.642087,27.707184,27.668365,0.0,17.189095,10.701752,N
2006-11-14 00:00:00,-8.922006,-0.6443767,26.994476,27.703522,0.0,17.388124,4.1309204,N
2006-11-14 03:00:00,-8.52531,-0.007708311,26.586395,27.703522,0.0,16.571846,0.051818848,N
2006-11-14 06:00:00,-7.875966,1.1073586,26.2948,27.703522,0.0,15.460199,351.9967,N
2006-11-14 09:00:00,-7.710723,1.6713519,26.588013,27.703522,1.7012935e-06,15.336474,347.76996,N
2006-11-14 12:00:00,-8.094102,2.2308593,28.35608,27.703522,4.25335e-06,16.320295,344.59097,N
2006-11-14 15:00:00,-7.9138536,-1.1773262,30.349487,27.703522,0.0,15.552563,8.4617,N
2006-11-14 18:00:00,-8.811719,-2.3011858,29.102448,27.703522,0.0,17.70302,14.635956,N
2006-11-14 21:00:00,-9.730403,-1.1918612,27.410553,27.703522,0.0,19.055708,6.9832764,N
2006-11-15 00:00:00,-9.122135,-0.9767075,26.798523,27.68692,0.0,17.833323,6.111389,N
2006-11-15 03:00:00,-7.81407,0.11341661,26.316528,27.68692,0.0,15.190903,359.16846,N
2006-11-15 06:00:00,-6.0029607,1.8355434,25.903198,27.68692,0.0,12.202107,342.99777,N
2006-11-15 09:00:00,-6.1477594,2.642684,25.614868,27.68692,0.0,13.007577,336.739,NW
2006-11-15 12:00:00,-7.5203466,1.2877,28.039978,27.68692,0.0,14.831103,350.28354,N
2006-11-15 15:00:00,-7.462014,-1.020133,30.095154,27.68692,0.0,14.639881,7.784668,N
2006-11-15 18:00:00,-7.884969,-2.4266174,29.036957,27.68692,0.0,16.036528,17.105865,N
2006-11-15 21:00:00,-8.610276,-1.0929873,27.786987,27.68692,0.0,16.87131,7.234436,N
2006-11-16 00:00:00,-8.656979,1.2525289,27.628815,27.641998,0.0,17.003002,351.76733,N
2006-11-16 03:00:00,-8.249404,1.7262619,26.897858,27.641998,4.7849026e-06,16.38285,348.18088,N
2006-11-16 06:00:00,-7.3241553,2.1642854,26.211823,27.641998,1.01013575e-05,14.845566,343.5376,N
2006-11-16 09:00:00,-6.4366064,2.9154394,25.866913,27.641998,7.974682e-06,13.735357,335.63202,NW
2006-11-16 12:00:00,-7.4955883,2.2976127,28.901764,27.641998,2.5520567e-06,15.239367,342.9582,N
2006-11-16 15:00:00,-7.425252,-1.4701793,29.684967,27.641998,4.253816e-07,14.713699,11.199554,N
2006-11-16 18:00:00,-8.820159,-2.4725552,28.522095,27.641998,6.464822e-05,17.805908,15.65979,N
2006-11-16 21:00:00,-8.3666315,-0.89721364,27.394165,27.641998,0.0,16.356638,6.1208496,N
2006-11-17 00:00:00,-7.707159,-0.36426407,27.008911,27.584595,0.0,14.998207,2.7059631,N
2006-11-17 03:00:00,-7.330908,0.4610002,26.462128,27.584595,1.88204e-05,14.27826,356.40173,N
2006-11-17 06:00:00,-7.7925005,1.4603255,25.625153,27.584595,0.0003063348,15.411061,349.3858,N
2006-11-17 09:00:00,-7.128527,2.4594712,25.5307,27.584595,1.9032974e-05,14.658268,340.96463,N
2006-11-17 12:00:00,-6.761654,2.3681343,28.484497,27.584595,1.7012935e-06,13.926365,340.6982,N
2006-11-17 15:00:00,-7.5319753,0.24010429,30.308502,27.584595,0.0,14.648393,358.17413,N
2006-11-17 18:00:00,-8.811343,-1.7816944,29.983795,27.584595,0.0,17.474485,11.431335,N
2006-11-17 21:00:00,-9.073744,-1.5229359,28.239136,27.584595,0.0,17.884613,9.52771,N
2006-11-18 00:00:00,-9.073181,-0.70395213,27.255249,27.530914,0.0,17.689816,4.4364624,N
2006-11-18 03:00:00,-7.7844353,0.981927,26.971863,27.530914,0.0,15.251604,352.8107,N
2006-11-18 06:00:00,-7.4648275,1.6040604,26.369324,27.530914,4.253816e-07,14.841656,347.87256,N
2006-11-18 09:00:00,-6.1477594,2.8363044,26.148865,27.530914,0.0,13.160754,335.2335,NW
2006-11-18 12:00:00,-6.7068853,3.4869695,28.820679,27.530914,1.3823155e-06,14.693845,332.52966,NW
2006-11-18 15:00:00,-6.1284404,-1.3465421,30.348816,27.530914,0.0,12.196874,12.39212,N
2006-11-18 18:00:00,-7.1523476,-3.823053,29.131287,27.530914,2.1372223e-05,15.764506,28.125275,NE
2006-11-18 21:00:00,-7.525223,-2.3815768,27.982605,27.530914,0.0,15.342907,17.561493,N
2006-11-19 00:00:00,-6.9497795,-1.9162776,27.40741,27.497711,0.0,14.013395,15.415253,N
2006-11-19 03:00:00,-6.2263484,-0.45990795,26.966187,27.497711,0.0,12.135997,4.224457,N
2006-11-19 06:00:00,-5.8082705,0.3427464,26.600037,27.497711,4.253816e-07,11.309989,356.6229,N
2006-11-19 09:00:00,-5.905803,1.5539954,26.541138,27.497711,4.253816e-07,11.8707075,345.25793,N
2006-11-19 12:00:00,-5.849534,1.9721005,28.838257,27.497711,7.4435957e-07,11.999372,341.36908,N
2006-11-19 15:00:00,-5.871479,-2.1030793,30.524994,27.497711,1.06403604e-07,12.123269,19.706787,N
2006-11-19 18:00:00,-7.187422,-2.9762552,28.893677,27.497711,8.6764805e-05,15.121667,22.49405,N
2006-11-19 21:00:00,-7.217432,-2.2078748,27.650787,27.497711,0.0,14.671297,17.009338,N
2006-11-20 00:00:00,-6.264799,-1.842885,27.056335,27.499634,0.0,12.693727,16.392029,N
2006-11-20 03:00:00,-5.8073325,-2.1237154,26.82846,27.499634,1.722551e-05,12.019672,20.08725,N
2006-11-20 06:00:00,-6.1372557,-0.9255659,26.421997,27.499634,6.815721e-05,12.064746,8.576202,N
2006-11-20 09:00:00,-5.779573,0.85613656,26.109528,27.499634,7.90027e-05,11.357157,351.57397,N
2006-11-20 12:00:00,-6.5313263,0.40609026,27.243011,27.499634,0.00013089133,12.72037,356.44217,N
2006-11-20 15:00:00,-6.842681,-1.897795,28.333649,27.499634,2.9346906e-05,13.803168,15.50119,N
2006-11-20 18:00:00,-7.0799484,-2.7099597,27.937347,27.499634,0.0001563041,14.735993,20.94513,N
2006-11-20 21:00:00,-7.394679,-1.9688549,27.062897,27.499634,0.0,14.874843,14.909271,N
2006-11-21 00:00:00,-6.8256125,-0.88106364,26.790222,27.533844,1.2761448e-06,13.377978,7.355194,N
2006-11-21 03:00:00,-6.4778705,-0.06746322,26.426361,27.533844,3.8810307e-05,12.592627,0.5966797,N
2006-11-21 06:00:00,-5.8525352,0.36643305,26.000671,27.533844,5.9969723e-05,11.398669,356.41733,N
2006-11-21 09:00:00,-5.5925727,1.4635555,25.801208,27.533844,0.00015194458,11.237154,345.33478,N
2006-11-21 12:00:00,-6.169892,0.80355936,27.750702,27.533844,5.5716606e-05,12.094571,352.57962,N
2006-11-21 15:00:00,-6.202903,-1.8005362,28.910828,27.533844,1.3610348e-05,12.55515,16.186584,N
2006-11-21 18:00:00,-6.3163786,-2.2285109,28.480652,27.533844,6.805174e-06,13.019796,19.433594,N
2006-11-21 21:00:00,-7.002672,-2.2222302,27.333832,27.533844,0.0,14.281037,17.606323,N
2006-11-22 00:00:00,-7.409684,-1.1260052,26.8219,27.591217,8.507632e-07,14.568599,8.640778,N
2006-11-22 03:00:00,-6.322193,0.69948167,26.38321,27.591217,1.7012935e-06,12.36432,353.68652,N
2006-11-22 06:00:00,-5.100407,1.5227721,26.126587,27.591217,0.0,10.346816,343.37653,N
2006-11-22 09:00:00,-4.216422,2.776011,25.817505,27.591217,1.2761448e-06,9.812918,326.63986,NW
2006-11-22 12:00:00,-6.0055866,1.6006509,28.29486,27.591217,0.0,12.081424,345.07605,N
2006-11-22 15:00:00,-5.696295,-1.0361035,29.702026,27.591217,3.2961834e-06,11.254361,10.308868,N
2006-11-22 18:00:00,-5.4937267,-2.173601,29.10614,27.591217,2.1280721e-07,11.484389,21.586304,N
2006-11-22 21:00:00,-6.5600233,-3.172029,27.520844,27.591217,0.0,14.164136,25.805603,NE
2006-11-23 00:00:00,-6.711012,-0.8828581,26.777527,27.660553,0.0,13.157532,7.494446,N
2006-11-23 03:00:00,-6.163515,-0.5587817,26.47229,27.660553,0.0,12.030023,5.180237,N
2006-11-23 06:00:00,-5.718615,0.23023483,26.08319,27.660553,4.253816e-07,11.125078,357.6945,N
2006-11-23 09:00:00,-5.042825,2.345524,25.928314,27.660553,2.4349429e-05,10.810891,335.05588,NW
2006-11-23 12:00:00,-5.785763,1.8958368,28.434967,27.660553,6.167218e-06,11.834976,341.85745,N
2006-11-23 15:00:00,-6.2306623,-1.3086793,30.302368,27.660553,0.0,12.375683,11.861908,N
2006-11-23 18:00:00,-7.1836705,-2.0842376,29.353912,27.660553,2.945331e-05,14.539763,16.179321,N
2006-11-23 21:00:00,-8.029768,-1.8369634,27.927643,27.660553,0.0,16.011816,12.885773,N
2006-11-24 00:00:00,-7.5340385,-1.134439,27.107819,27.732056,0.0,14.810057,8.562988,N
2006-11-24 03:00:00,-6.390091,0.171736,26.624634,27.732056,0.0,12.425799,358.46054,N
2006-11-24 06:00:00,-5.958133,1.6020865,25.945923,27.732056,0.0,11.993041,344.94968,N
2006-11-24 09:00:00,-6.075735,2.8011334,25.995758,27.732056,8.507632e-07,13.004988,335.2486,NW
2006-11-24 12:00:00,-7.2266226,3.1388474,28.418152,27.732056,0.0,15.315245,336.52252,NW
2006-11-24 15:00:00,-7.6938424,0.32821143,30.88153,27.732056,0.0,14.9692,357.5573,N
2006-11-24 18:00:00,-9.054988,-2.0436833,29.76059,27.732056,0.0,18.044182,12.718384,N
2006-11-24 21:00:00,-9.688764,-0.8819609,28.003815,27.732056,0.0,18.911276,5.2012634,N
2006-11-25 00:00:00,-9.132076,-0.6192544,27.327057,27.788696,0.0,17.792063,3.8793335,N
2006-11-25 03:00:00,-8.188446,0.6006079,26.934479,27.788696,0.0,15.959788,355.80496,N
2006-11-25 06:00:00,-7.9350486,0.6991228,26.358826,27.788696,1.2121629e-05,15.484217,354.9649,N
2006-11-25 09:00:00,-7.3777986,1.7007809,26.519928,27.788696,0.00022244104,14.717393,347.01855,N
2006-11-25 12:00:00,-7.563861,2.173437,28.443054,27.788696,3.7109014e-05,15.297887,343.96826,N
2006-11-25 15:00:00,-8.451973,-0.51104957,30.117554,27.788696,0.0,16.45929,3.4601746,N
2006-11-25 18:00:00,-8.56301,-1.6541097,29.438843,27.788696,0.0,16.95283,10.933105,N
2006-11-25 21:00:00,-8.713998,-1.4775364,27.715485,27.788696,0.0,17.180387,9.623474,N
2006-11-26 00:00:00,-8.640473,-0.14354765,27.111206,27.828003,0.0,16.798018,0.9517822,N
2006-11-26 03:00:00,-7.450761,0.1769399,26.5336,27.828003,0.0,14.48717,358.6396,N
2006-11-26 06:00:00,-6.2859936,1.8258536,26.052582,27.828003,0.0,12.723982,343.80334,N
2006-11-26 09:00:00,-7.0848246,1.7377462,26.179596,27.828003,0.0,14.179976,346.21872,N
2006-11-26 12:00:00,-7.4094963,1.4454316,28.624939,27.828003,0.0,14.674371,348.9615,N
2006-11-26 15:00:00,-7.498589,-0.8297426,30.210571,27.828003,0.0,14.665021,6.31427,N
2006-11-26 18:00:00,-7.6203175,-1.8960006,29.809021,27.828003,0.0,15.264288,13.971985,N
2006-11-26 21:00:00,-7.7735567,-2.3955734,27.916931,27.828003,0.0,15.811791,17.127716,N
2006-11-27 00:00:00,-7.79025,-1.8794916,27.012848,27.85025,0.0,15.577483,13.564087,N
2006-11-27 03:00:00,-6.924083,-0.06728381,26.470856,27.85025,0.0,13.459946,0.5567322,N
2006-11-27 06:00:00,-6.4229145,1.0217636,25.933228,27.85025,0.0,12.64211,350.96106,N
2006-11-27 09:00:00,-6.135193,2.355214,25.869293,27.85025,1.7012935e-06,12.77439,338.9989,N
2006-11-27 12:00:00,-6.2794285,2.302278,28.63324,27.85025,0.0,13.000746,339.86514,N
2006-11-27 15:00:00,-6.9075775,-0.9706064,30.610687,27.85025,0.0,13.559132,7.9984436,N
2006-11-27 18:00:00,-8.210016,-2.5308745,29.800385,27.85025,0.0,16.70003,17.132782,N
2006-11-27 21:00:00,-8.73388,-2.3691952,27.867859,27.85025,0.0,17.590813,15.1770935,N
2006-11-28 00:00:00,-8.956517,-1.6221685,27.37854,27.85611,0.0,17.693283,10.2659,N
2006-11-28 03:00:00,-8.379386,-0.27633643,26.975464,27.85611,0.0,16.29704,1.8888245,N
2006-11-28 06:00:00,-7.585806,1.6571758,26.515228,27.85611,8.507632e-07,15.093349,347.6769,N
2006-11-28 09:00:00,-6.7685933,1.9511056,26.355347,27.85611,0.0,13.692786,343.91992,N
2006-11-28 12:00:00,-7.615816,1.515415,28.524048,27.85611,0.0,15.094157,348.74612,N
2006-11-28 15:00:00,-7.6702094,-0.4024858,30.440094,27.85611,0.0,14.930173,3.0037842,N
2006-11-28 18:00:00,-8.612339,-1.4737682,29.412506,27.85611,5.507865e-05,16.984354,9.710571,N
2006-11-28 21:00:00,-9.564597,-1.7007651,27.860535,27.85611,0.0,18.883696,10.082886,N
2006-11-29 00:00:00,-9.636246,-1.6792319,27.263123,27.84851,0.0,19.013603,9.885223,N
2006-11-29 03:00:00,-9.024978,-0.9673764,27.005524,27.84851,0.0,17.643604,6.118103,N
2006-11-29 06:00:00,-8.113608,0.9304265,26.65689,27.84851,4.253816e-07,15.874919,353.4582,N
2006-11-29 09:00:00,-8.001071,1.6419232,26.498413,27.84851,4.157494e-05,15.876907,348.40317,N
2006-11-29 12:00:00,-8.084723,1.22633,28.611694,27.84851,2.0096311e-05,15.895173,351.37485,N
2006-11-29 15:00:00,-8.490047,-1.5823319,29.348999,27.84851,5.529262e-06,16.787472,10.557373,N
2006-11-29 18:00:00,-8.131803,-1.2645361,29.246033,27.84851,0.0,15.9969015,8.838989,N
2006-11-29 21:00:00,-8.373196,-0.65945,27.897583,27.84851,0.0,16.326553,4.503174,N
2006-11-30 00:00:00,-7.539853,-0.8826787,27.046509,27.835571,0.0,14.756359,6.677124,N
2006-11-30 03:00:00,-7.200927,-1.4036055,26.662231,27.835571,0.0,14.2608795,11.029785,N
2006-11-30 06:00:00,-6.575216,-0.62679106,26.573364,27.835571,8.507632e-07,12.839108,5.445343,N
2006-11-30 09:00:00,-6.651366,0.8195299,26.27533,27.835571,4.487112e-05,13.026963,352.97586,N
2006-11-30 12:00:00,-7.1795444,0.21480262,28.091919,27.835571,0.0,13.962131,358.2863,N
2006-11-30 15:00:00,-7.6992817,-1.647829,29.280151,27.835571,0.0,15.305105,12.080414,N
2006-11-30 18:00:00,-7.7741194,-2.3882163,29.06485,27.835571,0.0,15.808633,17.076996,N
2006-11-30 21:00:00,-7.919668,-2.0208938,27.641724,27.835571,0.0,15.887865,14.314911,N
2006-12-01 00:00:00,-8.085286,-0.7823693,26.916107,27.822144,0.0,15.789911,5.527008,N
2006-12-01 03:00:00,-6.7239532,-0.05902934,26.264832,27.822144,0.0,13.070793,0.5029907,N
2006-12-01 06:00:00,-6.926334,0.10964829,25.551361,27.822144,0.0,13.465372,359.09305,N
2006-12-01 09:00:00,-6.923708,0.07268274,25.754974,27.822144,3.8279686e-06,13.459322,359.39856,N
2006-12-01 12:00:00,-6.7063227,0.51303905,28.067749,27.822144,0.0,13.074108,355.62534,N
2006-12-01 15:00:00,-7.177106,-0.6424027,29.48529,27.822144,0.0,14.00692,5.114746,N
2006-12-01 18:00:00,-7.895848,-1.7258873,29.009003,27.822144,0.0,15.710641,12.329895,N
2006-12-01 21:00:00,-8.3159895,-1.4229853,27.541168,27.822144,0.0,16.3999,9.710083,N
2006-12-02 00:00:00,-7.1660395,0.0019816756,27.072418,27.810425,0.0,13.929635,359.98416,N
2006-12-02 03:00:00,-6.0871763,0.9232487,26.39862,27.810425,0.0,11.967821,351.3756,N
2006-12-02 06:00:00,-5.465217,0.57710063,25.952026,27.810425,0.0,10.682571,353.97217,N
2006-12-02 09:00:00,-5.698921,1.5755287,26.268219,27.810425,0.0,11.493339,344.54596,N
2006-12-02 12:00:00,-6.4199133,1.5717604,28.43695,27.810425,0.0,12.847844,346.2431,N
2006-12-02 15:00:00,-6.8291764,0.0947544,29.88028,27.810425,0.0,13.276105,359.20508,N
2006-12-02 18:00:00,-7.3959923,-1.0416663,29.220795,27.810425,0.0,14.518517,8.016907,N
2006-12-02 21:00:00,-7.948928,-0.2216059,28.120209,27.810425,0.0,15.457448,1.5969238,N
2006-12-03 00:00:00,-7.41156,0.046124995,27.156677,27.792633,0.0,14.4071665,359.64343,N
2006-12-03 03:00:00,-6.969286,-0.18248701,26.699402,27.792633,0.0,13.551821,1.4999084,N
2006-12-03 06:00:00,-6.424415,0.48378962,26.16101,27.792633,0.0,12.523394,355.69348,N
2006-12-03 09:00:00,-6.827676,1.4032621,26.354675,27.792633,3.8279686e-06,13.549318,348.386,N
2006-12-03 12:00:00,-7.8347025,1.246069,28.709839,27.792633,6.9115777e-06,15.420821,350.9631,N
2006-12-03 15:00:00,-7.700219,-0.6944416,29.966736,27.792633,2.4668407e-05,15.028741,5.1532593,N
2006-12-03 18:00:00,-7.624632,-1.359462,28.971619,27.792633,5.3802738e-05,15.054806,10.109528,N
2006-12-03 21:00:00,-8.1605,-1.0032651,28.119019,27.792633,0.0,15.982134,7.00885,N
2006-12-04 00:00:00,-8.018514,-0.83494645,27.34314,27.76944,0.0,15.6709795,5.944641,N
2006-12-04 03:00:00,-7.5490437,-0.3366297,26.511627,27.76944,0.0,14.688715,2.5532532,N
2006-12-04 06:00:00,-7.1480336,0.43731356,26.262115,27.76944,8.507632e-07,13.920613,356.49902,N
2006-12-04 09:00:00,-7.124776,2.0745633,26.204498,27.76944,2.5520567e-06,14.4245825,343.76572,N
2006-12-04 12:00:00,-7.6827765,2.0596695,28.311157,27.76944,4.253816e-07,15.461447,344.99252,N
2006-12-04 15:00:00,-8.691115,-1.0581751,29.555786,27.76944,0.0,17.018896,6.941803,N
2006-12-04 18:00:00,-9.998993,-2.2163086,28.600433,27.76944,1.06403604e-07,19.908175,12.497742,N
2006-12-04 21:00:00,-9.838815,-1.646214,27.468933,27.76944,0.0,19.390942,9.498657,N
2006-12-05 00:00:00,-9.441931,-1.8988717,27.198853,27.758911,0.0,18.721083,11.371094,N
2006-12-05 03:00:00,-8.865549,-0.9081598,26.693054,27.758911,0.0,17.323391,5.848816,N
2006-12-05 06:00:00,-7.989442,-0.38454133,26.52069,27.758911,0.0,15.548175,2.7555847,N
2006-12-05 09:00:00,-7.283454,0.8746193,26.626587,27.758911,0.0,14.259582,353.15253,N
2006-12-05 12:00:00,-7.4408197,0.38042971,28.71225,27.758911,0.0,14.482656,357.07315,N
2006-12-05 15:00:00,-7.5595474,-1.0090075,30.062347,27.758911,0.0,14.824868,7.6026,N
2006-12-05 18:00:00,-7.7167253,-1.3467216,29.53305,27.758911,0.0,15.226796,9.899536,N
2006-12-05 21:00:00,-7.555233,-0.59431165,28.225677,27.758911,0.0,14.731531,4.4977417,N
2006-12-06 00:00:00,-7.793251,0.4864813,27.054047,27.775269,0.0,15.17832,356.42804,N
2006-12-06 03:00:00,-7.3014603,1.0668042,26.374146,27.775269,0.0,14.343563,351.68744,N
2006-12-06 06:00:00,-6.687191,1.6182365,25.730621,27.775269,1.7012935e-06,13.374018,346.39648,N
2006-12-06 09:00:00,-6.188836,2.1536982,25.795105,27.775269,0.0,12.737732,340.81226,N
2006-12-06 12:00:00,-7.2326245,2.376568,28.52481,27.775269,0.0,14.798602,341.81,N
2006-12-06 15:00:00,-7.736982,-0.90439147,30.29779,27.775269,0.0,15.141854,6.6671753,N
2006-12-06 18:00:00,-8.730504,-2.1258688,29.562134,27.775269,0.0,17.46657,13.68515,N
2006-12-06 21:00:00,-8.187509,-1.4762805,28.027191,27.775269,0.0,16.17185,10.2211,N
2006-12-07 00:00:00,-8.008574,-1.5207825,26.925629,27.800446,0.0,15.84558,10.752136,N
2006-12-07 03:00:00,-7.9147916,-1.8575995,26.51184,27.800446,0.0,15.803145,13.208252,N
2006-12-07 06:00:00,-7.4661407,-0.6653716,26.542328,27.800446,6.3795596e-07,14.570501,5.0926514,N
2006-12-07 09:00:00,-6.597348,0.9178654,26.59436,27.800446,1.2761448e-06,12.947708,352.0795,N
2006-12-07 12:00:00,-6.750775,0.8231188,28.34906,27.800446,1.7012935e-06,13.21961,353.04828,N
2006-12-07 15:00:00,-6.633548,-1.9645483,29.214783,27.800446,2.0840671e-05,13.448143,16.496826,N
2006-12-07 18:00:00,-5.978015,-3.0885873,28.648865,27.800446,3.2430515e-05,13.079608,27.323486,NE
2006-12-07 21:00:00,-6.7299557,-2.9353418,27.511322,27.800446,0.0,14.272147,23.564941,NE
2006-12-08 00:00:00,-7.327532,-1.6298847,27.393188,27.823639,0.0,14.591657,12.540314,N
2006-12-08 03:00:00,-6.9374003,-0.5995156,27.103119,27.823639,4.083058e-05,13.535458,4.9391174,N
2006-12-08 06:00:00,-6.0256557,0.050970018,26.435883,27.823639,0.00010909396,11.713329,359.51535,N
2006-12-08 09:00:00,-5.648654,1.4161822,25.631042,27.823639,0.00011728122,11.319904,345.92538,N
2006-12-08 12:00:00,-6.9415264,0.6894328,27.70163,27.823639,0.00012972183,13.559606,354.32797,N
2006-12-08 15:00:00,-7.315152,-1.0441785,29.336548,27.823639,8.507632e-07,14.363618,8.123627,N
2006-12-08 18:00:00,-7.913291,-2.3648884,29.321472,27.823639,1.9351952e-05,16.054386,16.638794,N
2006-12-08 21:00:00,-7.12984,-1.8947444,28.163269,27.823639,0.0,14.340306,14.882294,N
2006-12-09 00:00:00,-6.8342404,-0.31958252,27.18399,27.831207,0.0,13.299187,2.6773071,N
2006-12-09 03:00:00,-5.8304024,0.5126802,26.73108,27.831207,1.7012935e-06,11.3771,354.9748,N
2006-12-09 06:00:00,-5.3311095,1.0996425,26.24408,27.831207,1.2761448e-06,10.580981,348.34512,N
2006-12-09 09:00:00,-5.328109,1.1997724,26.068542,27.831207,1.2761448e-06,10.616321,347.3099,N
2006-12-09 12:00:00,-6.707823,0.33233863,28.443512,27.831207,2.9772054e-06,13.054928,357.1636,N
2006-12-09 15:00:00,-7.063818,-2.1563742,29.809021,27.831207,1.1697412e-06,14.356476,16.975891,N
2006-12-09 18:00:00,-7.131903,-2.7146254,29.366608,27.831207,8.507632e-07,14.83358,20.838379,N
2006-12-09 21:00:00,-6.801417,-2.831623,27.716248,27.831207,0.0,14.320885,22.603333,NE
2006-12-10 00:00:00,-6.565275,-3.553348,27.331665,27.825806,0.0,14.511143,28.423737,NE
2006-12-10 03:00:00,-5.515109,-2.1368148,26.86148,27.825806,0.0,11.497022,21.178741,N
2006-12-10 06:00:00,-5.719928,-0.97383636,26.465271,27.825806,0.0,11.278617,9.66214,N
2006-12-10 09:00:00,-5.6784763,-0.7274594,26.498718,27.825806,4.253816e-07,11.128258,7.300293,N
2006-12-10 12:00:00,-6.1601386,-1.0260546,28.382507,27.825806,4.1469466e-06,12.139292,9.4565735,N
2006-12-10 15:00:00,-6.2916203,-2.8540537,29.665405,27.825806,0.0,13.429404,24.40036,NE
2006-12-10 18:00:00,-5.8587246,-3.404768,29.149109,27.825806,5.317852e-07,13.171879,30.16278,NE
2006-12-10 21:00:00,-5.90374,-3.1289623,27.611664,27.825806,0.0,12.988074,27.923431,NE
2006-12-11 00:00:00,-5.668911,-1.5502114,27.258423,27.827545,8.507632e-07,11.424043,15.294098,N
2006-12-11 03:00:00,-4.761293,-0.38113183,26.888794,27.827545,6.0395105e-05,9.284797,4.57666,N
2006-12-11 06:00:00,-4.1470237,0.42564967,26.284088,27.827545,3.6471058e-05,8.103501,354.1397,N
2006-12-11 09:00:00,-5.030446,-0.18033373,26.048218,27.827545,0.00013386877,9.784664,2.0531006,N
2006-12-11 12:00:00,-5.9782023,-0.52594346,27.904236,27.827545,3.8278522e-05,11.665554,5.027771,N
2006-12-11 15:00:00,-5.833779,-2.4007773,29.419067,27.827545,8.612871e-06,12.262643,22.368652,N
2006-12-11 18:00:00,-5.8709164,-3.3471665,29.106598,27.827545,1.3716519e-05,13.1365595,29.68863,NE
2006-12-11 21:00:00,-5.978015,-2.5906293,27.848083,27.827545,0.0,12.6645355,23.429962,NE
2006-12-12 00:00:00,-6.401345,-1.0407691,27.246735,27.828491,7.5495336e-06,12.606581,9.23468,N
2006-12-12 03:00:00,-5.916119,-0.59646505,26.891296,27.828491,0.0,11.558288,5.7571106,N
2006-12-12 06:00:00,-5.526363,-0.2077887,26.490845,27.828491,0.0,10.749957,2.1532898,N
2006-12-12 09:00:00,-6.1374435,0.4861224,26.302887,27.828491,4.253816e-07,11.967572,355.47128,N
2006-12-12 12:00:00,-6.6183553,0.039844453,28.440125,27.828491,2.158503e-05,12.865257,359.65506,N
2006-12-12 15:00:00,-6.302874,-1.9159188,29.915924,27.828491,1.1697412e-06,12.805313,16.90799,N
2006-12-12 18:00:00,-6.129566,-2.9256518,29.32605,27.828491,1.967093e-05,13.202527,25.515228,NE
2006-12-12 21:00:00,-6.633548,-3.235014,27.91397,27.828491,0.0,14.346181,25.997314,NE
2006-12-13 00:00:00,-6.8905096,-2.5227995,27.2016,27.827545,4.253816e-07,14.263553,20.10904,N
2006-12-13 03:00:00,-6.1154985,-0.81538707,26.957428,27.827545,4.253816e-07,11.992749,7.594513,N
2006-12-13 06:00:00,-5.6272717,0.28388867,26.42453,27.827545,0.0,10.952427,357.11194,N
2006-12-13 09:00:00,-5.157989,1.2069502,26.089539,27.827545,1.7012935e-06,10.297139,346.82996,N
2006-12-13 12:00:00,-5.7793856,1.0147653,28.258698,27.827545,0.0,11.406059,350.04132,N
2006-12-13 15:00:00,-5.606077,-1.9950538,29.822144,27.827545,0.0,11.566802,19.589294,N
2006-12-13 18:00:00,-5.5325522,-4.075531,29.04779,27.827545,1.8076971e-06,13.357319,36.377045,NE
2006-12-13 21:00:00,-6.3503275,-3.512435,27.780853,27.827545,0.0,14.106422,28.947449,NE
2006-12-14 00:00:00,-6.273239,-2.3426373,27.116577,27.82019,0.0,13.016688,20.477325,N
2006-12-14 03:00:00,-6.143258,-1.3424149,26.846619,27.82019,4.253816e-07,12.223291,12.326416,N
2006-12-14 06:00:00,-5.708862,-0.36839134,26.804321,27.82019,5.305838e-05,11.120194,3.6921692,N
2006-12-14 09:00:00,-5.658407,1.5617115,26.195435,27.82019,0.00011579273,11.410276,344.5706,N
2006-12-14 12:00:00,-6.282055,1.2902123,28.698914,27.82019,5.4228585e-06,12.466193,348.39395,N
2006-12-14 15:00:00,-6.57259,-1.8064578,29.930542,27.82019,1.2547011e-05,13.249837,15.368103,N
2006-12-14 18:00:00,-6.81736,-3.0622091,29.214447,27.82019,6.836979e-05,14.527329,24.188568,NE
2006-12-14 21:00:00,-7.3078375,-1.784745,28.135406,27.82019,0.0,14.622768,13.724304,N
2006-12-15 00:00:00,-7.058378,-1.1132646,27.502594,27.818024,0.0,13.889966,8.962982,N
2006-12-15 03:00:00,-6.3319464,-0.68421334,27.16565,27.818024,2.6901485e-05,12.37994,6.1672974,N
2006-12-15 06:00:00,-6.627921,0.2313115,26.325836,27.818024,0.00012791413,12.891461,358.00122,N
2006-12-15 09:00:00,-6.752838,1.4822177,25.889526,27.818024,0.00011132681,13.438922,347.62015,N
2006-12-15 12:00:00,-6.7050095,2.1750522,28.57434,27.818024,2.4136854e-05,13.702073,342.02734,N
2006-12-15 15:00:00,-6.8027296,-0.54011947,30.123444,27.818024,1.38229225e-05,13.265033,4.539612,N
2006-12-15 18:00:00,-7.109771,-3.1666455,29.688354,27.818024,6.49672e-05,15.129081,24.007874,NE
2006-12-15 21:00:00,-7.59012,-2.6887856,27.988403,27.818024,0.0,15.652376,19.506592,N
2006-12-16 00:00:00,-7.7336054,-1.9204049,27.512085,27.828003,4.253816e-07,15.489442,13.945587,N
2006-12-16 03:00:00,-7.2112427,-1.3088589,27.313843,27.828003,8.825446e-06,14.246522,10.2873535,N
2006-12-16 06:00:00,-7.2194953,-0.46367627,26.38147,27.828003,0.00018490665,14.062457,3.6748047,N
2006-12-16 09:00:00,-6.425165,0.82545155,26.714264,27.828003,2.2541964e-05,12.592141,352.67923,N
2006-12-16 12:00:00,-6.3454514,1.3142579,28.808228,27.828003,6.9858506e-05,12.596327,348.29846,N
2006-12-16 15:00:00,-6.3135653,-1.7493947,29.709137,27.828003,2.5200192e-05,12.734969,15.487244,N
2006-12-16 18:00:00,-6.243417,-3.554963,28.975983,27.828003,0.000100481324,13.965651,29.656921,NE
2006-12-16 21:00:00,-6.688129,-3.0631063,27.815063,27.828003,0.0,14.299277,24.60736,NE
2006-12-17 00:00:00,-6.6020374,-2.5764532,27.282135,27.843384,0.0,13.775918,21.318268,N
2006-12-17 03:00:00,-6.2666745,-2.262426,27.064331,27.843384,0.0,12.950962,19.85083,N
2006-12-17 06:00:00,-5.6645966,-1.6158881,26.806274,27.843384,3.381283e-05,11.4503145,15.921387,N
2006-12-17 09:00:00,-6.0716085,-0.40069133,26.236755,27.843384,0.00013769651,11.827908,3.7757263,N
2006-12-17 12:00:00,-6.3386984,-0.60812885,28.167084,27.843384,5.348376e-05,12.377991,5.480133,N
2006-12-17 15:00:00,-6.513508,-1.9516282,29.190857,27.843384,1.8713996e-05,13.217346,16.679688,N
2006-12-17 18:00:00,-7.2845793,-3.0875106,29.10559,27.843384,7.591909e-05,15.379425,22.969269,NE
2006-12-17 21:00:00,-7.6932797,-1.0816824,27.89978,27.843384,0.0,15.101597,8.003387,N
2006-12-18 00:00:00,-7.3974924,0.36266473,27.606323,27.856598,8.507632e-07,14.3968115,357.1933,N
2006-12-18 03:00:00,-7.251193,0.5193196,27.233063,27.856598,1.0951888e-05,14.131261,355.90356,N
2006-12-18 06:00:00,-7.117648,0.9736725,26.853699,27.856598,4.912424e-05,13.964425,352.21045,N
2006-12-18 09:00:00,-6.485373,1.9667172,26.855133,27.856598,8.5169915e-05,13.173449,343.12985,N
2006-12-18 12:00:00,-8.261784,1.0811597,28.306335,27.856598,7.15598e-05,16.196512,352.5445,N
2006-12-18 15:00:00,-8.691303,-1.1172123,29.867065,27.856598,2.126675e-06,17.03351,7.324829,N
2006-12-18 18:00:00,-8.937386,-2.3220012,29.003296,27.856598,0.00014173705,17.949608,14.563904,N
2006-12-18 21:00:00,-8.346749,-1.2046018,28.027191,27.856598,0.0,16.39284,8.212219,N
2006-12-19 00:00:00,-7.3854885,-0.33124632,27.480621,27.859253,4.253816e-07,14.370641,2.5680542,N
2006-12-19 03:00:00,-6.7766585,0.3434642,27.111206,27.859253,1.7650658e-05,13.189649,357.09854,N
2006-12-19 06:00:00,-6.165203,1.0775708,26.912964,27.859253,3.2961834e-06,12.165844,350.08585,N
2006-12-19 09:00:00,-5.60664,2.6496823,26.627594,27.859253,0.000111114234,12.054194,334.7047,NW
2006-12-19 12:00:00,-6.2087173,3.4458766,28.646118,27.859253,2.392428e-05,13.802938,330.96945,NW
2006-12-19 15:00:00,-6.835741,0.08793551,30.779663,27.859253,0.0,13.288687,359.26297,N
2006-12-19 18:00:00,-7.3042736,-2.51939,29.515015,27.859253,2.2330787e-06,15.019197,19.030334,N
2006-12-19 21:00:00,-7.875966,-2.6895032,28.356628,27.859253,0.0,16.177639,18.854126,N
2006-12-20 00:00:00,-8.097103,-1.2302623,27.372742,27.857086,0.0,15.920112,8.639374,N
2006-12-20 03:00:00,-7.380049,-0.76657826,26.927368,27.857086,0.0,14.422817,5.9301453,N
2006-12-20 06:00:00,-7.134904,0.853086,26.502869,27.857086,0.0,13.9678955,353.1818,N
2006-12-20 09:00:00,-5.8840456,2.4002547,26.534363,27.857086,8.825446e-06,12.3526745,337.80817,N
2006-12-20 12:00:00,-6.430229,2.2550843,28.876862,27.857086,7.3367264e-06,13.245705,340.6742,N
2006-12-20 15:00:00,-6.991043,-0.97222143,30.393738,27.857086,0.0,13.720247,7.917145,N
2006-12-20 18:00:00,-7.7065964,-2.3277435,29.233795,27.857086,8.6764805e-05,15.648821,16.806702,N
2006-12-20 21:00:00,-7.6994696,-1.4387765,28.194214,27.857086,0.0,15.225604,10.584625,N
2006-12-21 00:00:00,-8.165376,-0.47713453,27.357117,27.859253,0.0,15.8992605,3.3442078,N
2006-12-21 03:00:00,-7.8030043,0.2758137,26.942017,27.859253,4.253816e-07,15.177264,357.97562,N
2006-12-21 06:00:00,-7.458826,0.89543486,26.786072,27.859253,7.5495336e-06,14.60287,353.1544,N
2006-12-21 09:00:00,-6.947716,2.3695698,26.983978,27.859253,4.997477e-06,14.269113,341.1677,N
2006-12-21 12:00:00,-7.580179,2.5621135,29.128326,27.859253,1.5843194e-05,15.55358,341.32465,N
2006-12-21 15:00:00,-7.2975216,-0.5135618,30.528168,27.859253,1.3823155e-06,14.220299,4.025543,N
2006-12-21 18:00:00,-7.9380493,-2.5301566,30.101929,27.859253,0.0,16.195154,17.679047,N
2006-12-21 21:00:00,-8.923882,-2.527465,28.235962,27.859253,0.0,18.02892,15.813446,N
2006-12-22 00:00:00,-9.100941,-1.762135,27.652222,27.86319,0.0,18.019327,10.958069,N
2006-12-22 03:00:00,-8.350313,-1.2194955,27.221802,27.86319,0.0,16.403856,8.308838,N
2006-12-22 06:00:00,-7.795314,0.31816253,26.982147,27.86319,2.2754539e-05,15.165459,357.66278,N
2006-12-22 09:00:00,-6.641238,2.0555422,26.71643,27.86319,3.9660838e-05,13.513715,342.8021,N
2006-12-22 12:00:00,-6.954281,1.830519,28.80658,27.86319,9.356998e-06,13.97847,345.25302,N
2006-12-22 15:00:00,-7.2236214,-0.9776047,30.43332,27.86319,0.0,14.16957,7.7072754,N
2006-12-22 18:00:00,-7.569113,-2.6918359,29.71698,27.86319,0.0,15.615879,19.577118,N
2006-12-22 21:00:00,-8.043272,-2.640156,27.980865,27.86319,0.0,16.455572,18.17212,N
2006-12-23 00:00:00,-7.3627934,-2.0478103,27.28946,27.866852,0.0,14.855346,15.542816,N
2006-12-23 03:00:00,-5.7476873,-2.6236472,26.842682,27.866852,0.0,12.281537,24.535278,NE
2006-12-23 06:00:00,-5.894924,-1.1992185,26.36441,27.866852,4.253816e-07,11.693495,11.498901,N
2006-12-23 09:00:00,-6.065607,0.12579829,26.3656,27.866852,2.1159649e-05,11.793105,358.8119,N
2006-12-23 12:00:00,-6.6577435,0.79045993,28.376404,27.866852,1.0526739e-05,13.032483,353.2291,N
2006-12-23 15:00:00,-6.3945923,-1.0003941,29.497437,27.866852,2.7539441e-05,12.581256,8.89151,N
2006-12-23 18:00:00,-5.883671,-2.2620668,28.963318,27.866852,2.3392495e-06,12.25306,21.03003,N
2006-12-23 21:00:00,-5.6028886,-3.2762861,27.810242,27.866852,0.0,12.6164665,30.316925,NE
2006-12-24 00:00:00,-5.1851854,-4.2214193,27.194489,27.868042,0.0,12.997087,39.150085,NE
2006-12-24 03:00:00,-4.4724455,-3.5111785,26.890991,27.868042,4.253816e-07,11.052769,38.13437,NE
2006-12-24 06:00:00,-3.487364,-4.0471787,26.591187,27.868042,1.3078563e-05,10.384793,49.249268,NE
2006-12-24 09:00:00,-3.6820545,-3.0955856,26.585602,27.868042,0.00018394971,9.350694,40.054504,NE
2006-12-24 12:00:00,-4.5510345,-2.0860322,27.203796,27.868042,0.00013812189,9.731525,24.62503,NE
2006-12-24 15:00:00,-4.7344713,-2.657562,28.466675,27.868042,5.390914e-05,10.55379,29.306458,NE
2006-12-24 18:00:00,-4.7609177,-4.082888,28.072113,27.868042,0.00012429897,12.191505,40.615875,NE
2006-12-24 21:00:00,-4.4473124,-3.9113393,27.40271,27.868042,1.7757062e-05,11.512583,41.331116,NE
2006-12-25 00:00:00,-3.6216593,-3.3852086,26.732605,27.8573,4.678499e-05,9.636439,43.06726,NE
2006-12-25 03:00:00,-2.672027,-2.7928631,26.258514,27.8573,8.059759e-05,7.5133414,46.266663,NE
2006-12-25 06:00:00,-2.168045,-2.6970398,25.737183,27.8573,7.868372e-05,6.7264853,51.205566,NE
2006-12-25 09:00:00,-2.542046,-1.3680754,25.403717,27.8573,0.00014322554,5.611482,28.288208,NE
2006-12-25 12:00:00,-4.03111,-1.7895901,26.487244,27.8573,0.00016768137,8.573299,23.938568,NE
2006-12-25 15:00:00,-4.346028,-2.7571537,27.923035,27.8573,2.1797605e-05,10.004613,32.391357,NE
2006-12-25 18:00:00,-3.9898458,-3.6857781,27.832672,27.8573,1.063291e-05,10.558439,42.731415,NE
2006-12-25 21:00:00,-3.863428,-3.7216668,27.270447,27.8573,2.5838148e-05,10.427553,43.92929,NE
2006-12-26 00:00:00,-3.7302582,-3.0711813,26.769897,27.838531,6.953953e-05,9.3923855,39.46518,NE
2006-12-26 03:00:00,-4.152463,-2.3880367,25.672241,27.838531,0.00026646117,9.311312,29.90274,NE
2006-12-26 06:00:00,-3.6798038,-1.7023802,24.99649,27.838531,0.0004320161,7.88132,24.826569,NE
2006-12-26 09:00:00,-3.944643,-1.1148796,25.029938,27.838531,9.792927e-05,7.968124,15.781952,N
2006-12-26 12:00:00,-4.6493177,-1.6745663,27.33197,27.838531,0.000120683806,9.605861,19.80774,N
2006-12-26 15:00:00,-4.9254107,-2.6317222,28.28656,27.838531,4.5721652e-05,10.855199,28.116272,NE
2006-12-26 18:00:00,-6.2606726,-2.893352,28.977173,27.838531,3.1897798e-07,13.406509,24.803894,NE
2006-12-26 21:00:00,-6.426666,-2.438999,27.773102,27.838531,0.0,13.361797,20.78238,N
2006-12-27 00:00:00,-5.885546,-2.1520677,27.246948,27.830719,8.507632e-07,12.181388,20.085083,N
2006-12-27 03:00:00,-5.033447,-1.8177629,26.633148,27.830719,1.0951888e-05,10.402696,19.856506,N
2006-12-27 06:00:00,-4.1974783,-1.2300828,26.342438,27.830719,4.253816e-07,8.502368,16.333374,N
2006-12-27 09:00:00,-4.2612495,-0.6585527,26.157837,27.830719,8.219271e-05,8.381522,8.785248,N
2006-12-27 12:00:00,-5.161365,-1.8864901,27.870789,27.830719,5.7205325e-05,10.682022,20.077454,N
2006-12-27 15:00:00,-5.3930054,-2.8825853,29.248657,27.830719,8.719042e-06,11.886674,28.124695,NE
2006-12-27 18:00:00,-5.538367,-3.7491217,29.108765,27.830719,1.9351952e-05,13.000413,34.09549,NE
2006-12-27 21:00:00,-5.3791256,-2.9565163,27.777466,27.830719,0.0,11.931438,28.794403,NE
2006-12-28 00:00:00,-5.382502,-2.6839404,27.102478,27.85025,0.0,11.691332,26.502747,NE
2006-12-28 03:00:00,-5.251395,-2.8346736,26.68158,27.85025,6.050151e-05,11.600105,28.359924,NE
2006-12-28 06:00:00,-4.079126,-1.424062,26.188873,27.85025,8.304324e-05,8.398474,19.244598,N
2006-12-28 09:00:00,-4.2777553,-0.27866918,26.15741,27.85025,0.0001890536,8.332897,3.7272034,N
2006-12-28 12:00:00,-4.927849,-0.8340493,28.180328,27.85025,5.9969723e-05,9.715182,9.606384,N
2006-12-28 15:00:00,-5.0281954,-2.9577725,29.513367,27.85025,1.2334203e-05,11.339632,30.465637,NE
2006-12-28 18:00:00,-5.08784,-3.586904,28.7247,27.85025,0.00012717,12.100619,35.183655,NE
2006-12-28 21:00:00,-4.9467926,-3.11999,27.740082,27.85025,0.0,11.368572,32.24002,NE
2006-12-29 00:00:00,-4.843258,-2.5556378,27.12027,27.9169,4.253816e-07,10.644797,27.819214,NE
2006-12-29 03:00:00,-4.7774234,-1.965625,26.834595,27.9169,3.381283e-05,10.041859,22.364258,N
2006-12-29 06:00:00,-4.4827614,-1.1592023,26.371521,27.9169,8.37876e-05,9.0004,14.498566,N
2006-12-29 09:00:00,-4.140271,-0.4581135,26.236755,27.9169,0.0001006939,8.097141,6.3139954,N
2006-12-29 12:00:00,-4.970801,-1.1855807,28.218353,27.9169,4.880526e-05,9.933473,13.414917,N
2006-12-29 15:00:00,-5.0559545,-3.0869722,29.205505,27.9169,8.612871e-06,11.515029,31.406647,NE
2006-12-29 18:00:00,-4.9649863,-3.4508853,28.809753,27.9169,1.0207761e-05,11.753354,34.801025,NE
2006-12-29 21:00:00,-4.916783,-3.456089,27.763367,27.9169,1.9141007e-06,11.68235,35.104034,NE
2006-12-30 00:00:00,-4.634688,-3.28795,26.857758,28.005035,3.2005133e-05,11.045895,35.352722,NE
2006-12-30 03:00:00,-3.872056,-2.197826,26.783875,28.005035,6.252178e-05,8.65462,29.579773,NE
2006-12-30 06:00:00,-3.5760815,-0.7218966,26.362427,28.005035,5.1357085e-05,7.091552,11.412811,N
2006-12-30 09:00:00,-4.0104775,-0.05956769,26.352173,28.005035,0.000120258424,7.796587,0.85095215,N
2006-12-30 12:00:00,-4.549534,-1.2433617,27.957458,28.005035,6.6349516e-05,9.167881,15.285339,N
2006-12-30 15:00:00,-4.6656356,-3.5183563,29.306274,28.005035,9.994954e-06,11.3589115,37.01996,NE
2006-12-30 18:00:00,-4.509583,-4.3766384,29.189331,28.005035,5.529262e-06,12.2155,44.142883,NE
2006-12-30 21:00:00,-5.336174,-3.265699,27.7883,28.005035,0.0,12.1609745,31.466309,NE
2006-12-31 00:00:00,-5.326608,-1.6901779,27.307709,28.079468,8.112937e-05,10.8628235,17.604675,N
2006-12-31 03:00:00,-4.9370394,-2.1719859,27.046722,28.079468,6.379769e-05,10.484468,23.74646,NE
2006-12-31 06:00:00,-5.0463886,-1.6880245,26.36026,28.079468,0.00018001557,10.343616,18.495178,N
2006-12-31 09:00:00,-4.67145,-0.27490085,26.250397,28.079468,0.000104840845,9.096261,3.3677979,N
2006-12-31 12:00:00,-5.362245,-0.11124766,27.50357,28.079468,0.00013429392,10.42559,1.1885071,N
2006-12-31 15:00:00,-5.869791,-2.060192,28.610504,28.079468,4.3063425e-05,12.092316,19.340149,N
2006-12-31 18:00:00,-5.668911,-2.4445617,28.54306,28.079468,6.3797925e-06,12.000348,23.326782,NE
2006-12-31 21:00:00,-6.2340384,-2.4210546,27.810242,28.079468,1.06403604e-07,12.999733,21.224213,N
